match_id,role,class,stage,reason,action,qb_transaction_id,qb_date,qb_amount,qb_description,qb_description_fp,qb_ledger_book_id,bank_transaction_id,bank_date,bank_amount,bank_description,bank_description_fp,bank_merchant,statement_id,statement_file_name,statement_upload_date,statement_ledger_book_id,user_id,client_entity_id,practice_id,matched_by,matched_at,confidence,flagged_level,approved_at,approved_by,intended_survivor_match_id,evidence_summary,accountant_decision,accountant_identity,confirmation_timestamp,authorization_status
00b58efe-507b-466d-b200-43eb01cb00f7,target,R3,2,unsupported_approved_claim,SUPERSEDE,68982491-fd11-4863-83c2-f3eadb48e7ac,2026-09-15,-321.71,CLIENT PAYMENT INV-3014,57cb7e7d23c884711d5cfbdbc6f8fe3c78e3c2b4b0b00979818ba26c4bd04fba,e125b9e1-616a-4c65-969d-6e650b6d38ac,e51452c7-dce5-4cd1-b9fe-bddf8d5b9781,2026-09-15,-989.60,CLIENT PAYMENT INV-3011,d216e750c164970f9b22512542dad86d254787dd920e72618dbe5632c6890b50,CLIENT PAYMENT INV-3011,2b699161-319f-45f8-a54d-d9de32513cec,zaki_bank_test_150_transactions.csv,2026-08-09T03:04:53.205904+00:00,e125b9e1-616a-4c65-969d-6e650b6d38ac,38832e8e-fa0f-45a3-96ce-3cb6da270cbe,daa94c07-e040-4a68-9c2f-b7f1c57582c8,3b8c0820-6970-400f-a6ed-827890f4b74c,auto,2026-08-09T03:04:53.612+00:00,0.6,red,2026-08-09T03:07:54.941+00:00,38832e8e-fa0f-45a3-96ce-3cb6da270cbe,066f2437-0444-4c92-8690-cf822fa247d9,approved row bank amount -989.6 contradicts QB amount -321.71; approved exact-amount survivor 066f2437-0444-4c92-8690-cf822fa247d9,,,,PENDING
03fdd78a-e4bd-410b-bbbf-f75d3cc6f1cd,target,R3,2,unsupported_approved_claim,SUPERSEDE,977a0dd1-1b82-4cd0-8fa3-7fd8cc85e018,2026-09-01,1484.39,GOOGLE WORKSPACE,c3f6bcf802410fe377de9e52cc34a7fd6c4cde995f949d42420033abefeaae19,e125b9e1-616a-4c65-969d-6e650b6d38ac,ac28aae4-676d-4485-a775-0d711159e554,2026-09-04,1348.36,GOOGLE WORKSPACE,c3f6bcf802410fe377de9e52cc34a7fd6c4cde995f949d42420033abefeaae19,GOOGLE WORKSPACE,2b699161-319f-45f8-a54d-d9de32513cec,zaki_bank_test_150_transactions.csv,2026-08-09T03:04:53.205904+00:00,e125b9e1-616a-4c65-969d-6e650b6d38ac,38832e8e-fa0f-45a3-96ce-3cb6da270cbe,daa94c07-e040-4a68-9c2f-b7f1c57582c8,3b8c0820-6970-400f-a6ed-827890f4b74c,auto,2026-08-09T03:04:53.612+00:00,0.4,red,2026-08-09T03:07:40.582+00:00,38832e8e-fa0f-45a3-96ce-3cb6da270cbe,9caf65bd-6441-4e8c-9d1d-453f5b2affb0,approved row bank amount 1348.36 contradicts QB amount 1484.39; approved exact-amount survivor 9caf65bd-6441-4e8c-9d1d-453f5b2affb0,,,,PENDING
0a08e71c-2c15-4712-aced-774c409265c1,target,R3,2,unsupported_approved_claim,SUPERSEDE,de3569ec-ed2c-487e-969d-15e5501f5a88,2026-09-15,482.71,TRAINLINE,e1eaff0eb106c162aaa2b5b15fe915f5817a5855983217f5e3b5d5d5d9bfbf39,933cc6e0-27ea-4570-8a3b-41d1a8af9a13,8b0a3c82-fc5c-4652-93a3-45b57ac532e9,2026-09-16,327.36,TRAINLINE,e1eaff0eb106c162aaa2b5b15fe915f5817a5855983217f5e3b5d5d5d9bfbf39,TRAINLINE,9768e13a-f660-42ec-9bce-58c1e13ef96c,zaki_bank_test_150_transactions.csv,2026-08-08T22:51:51.488188+00:00,933cc6e0-27ea-4570-8a3b-41d1a8af9a13,0042d6e0-86f5-4c2e-970e-a0c7ac04106a,47f6862a-19c4-4c66-9207-fc20fc3ec2f2,1c8b1bb2-1e2b-4d24-b141-e674ac840b6e,auto,2026-08-08T22:51:52.097+00:00,0.6,red,2026-08-08T22:55:57.498+00:00,0042d6e0-86f5-4c2e-970e-a0c7ac04106a,51f64e5e-dbf1-40a2-bd7e-ab9378c3b454,approved row bank amount 327.36 contradicts QB amount 482.71; approved exact-amount survivor 51f64e5e-dbf1-40a2-bd7e-ab9378c3b454,,,,PENDING
10652436-c431-447a-9354-03509c4ac5e4,target,R3,2,unsupported_approved_claim,SUPERSEDE,8a125983-8901-4614-a19a-abd7a4ff86a7,2026-09-04,-383.67,CLIENT PAYMENT INV-3005,0dc0c131f5f51af06bd1ef5f24ca427d175bc3d58723c30da9f6bf38598bf432,e125b9e1-616a-4c65-969d-6e650b6d38ac,136cae69-a1f9-4c6e-a116-1c2bbd70cee7,2026-09-06,5000.00,TRANSFER TO SAVINGS,2550ddeaf2e9936c2182a63fd46dce90fcff49f5c3da8e0ed098afd6a56ebf34,TRANSFER TO SAVINGS,ff103bc1-eda0-4d19-92be-094c006f220c,zaki_bank_reconciliation_test.csv,2026-08-10T06:25:15.634868+00:00,e125b9e1-616a-4c65-969d-6e650b6d38ac,38832e8e-fa0f-45a3-96ce-3cb6da270cbe,daa94c07-e040-4a68-9c2f-b7f1c57582c8,3b8c0820-6970-400f-a6ed-827890f4b74c,auto,2026-08-10T06:25:16.228+00:00,0.35,red,2026-08-10T06:26:02.038+00:00,38832e8e-fa0f-45a3-96ce-3cb6da270cbe,f042257a-0d3e-40fe-bd45-ba4b9a6bb422,approved row bank amount 5000 contradicts QB amount -383.67; approved exact-amount survivor f042257a-0d3e-40fe-bd45-ba4b9a6bb422,,,,PENDING
13ac6c75-1b11-4496-b938-d30d71c11f70,target,R3,2,unsupported_approved_claim,SUPERSEDE,dadecc13-3173-4a82-8c10-637794f30e8b,2026-09-10,1021.50,ADOBE,ee9021c84f33366bde80b75efa132836e47afa18b9ce58e8077f4c25d039666c,e125b9e1-616a-4c65-969d-6e650b6d38ac,eec72c7b-7f35-4b31-90f0-85e1804969d8,2026-09-12,23.58,MICROSOFT 365,1054cb307cd7f9019a0860035920cc725f32eb675bee25548ddf1f634c9dc8d5,MICROSOFT 365,2b699161-319f-45f8-a54d-d9de32513cec,zaki_bank_test_150_transactions.csv,2026-08-09T03:04:53.205904+00:00,e125b9e1-616a-4c65-969d-6e650b6d38ac,38832e8e-fa0f-45a3-96ce-3cb6da270cbe,daa94c07-e040-4a68-9c2f-b7f1c57582c8,3b8c0820-6970-400f-a6ed-827890f4b74c,auto,2026-08-09T03:04:53.612+00:00,0.35,red,2026-08-09T03:07:40.582+00:00,38832e8e-fa0f-45a3-96ce-3cb6da270cbe,868e9776-fb88-40fd-a58c-96ae46d3e9b9,approved row bank amount 23.58 contradicts QB amount 1021.5; approved exact-amount survivor 868e9776-fb88-40fd-a58c-96ae46d3e9b9,,,,PENDING
157c0b15-8663-4f64-9d6a-bba2fb2f71d5,target,R3,2,unsupported_approved_claim,SUPERSEDE,588d74f5-7def-4166-97ca-bbfa1bc1fcb4,2026-09-09,-1298.89,CLIENT PAYMENT INV-3009,99a2c89c46a1d38b8fa844880697371c9a579f62aa8c73fe62dec468cc2a5606,e125b9e1-616a-4c65-969d-6e650b6d38ac,11b30e64-7c2b-4508-bd47-8c94c2bf12e3,2026-09-18,-1308.05,CLIENT PAYMENT INV-3013,d22166ec0fe58d8cce2936282d62753973992baf8831af2dfec4fc55352a03c1,CLIENT PAYMENT INV-3013,2b699161-319f-45f8-a54d-d9de32513cec,zaki_bank_test_150_transactions.csv,2026-08-09T03:04:53.205904+00:00,e125b9e1-616a-4c65-969d-6e650b6d38ac,38832e8e-fa0f-45a3-96ce-3cb6da270cbe,daa94c07-e040-4a68-9c2f-b7f1c57582c8,3b8c0820-6970-400f-a6ed-827890f4b74c,auto,2026-08-09T03:04:53.612+00:00,0.65,red,2026-08-09T03:07:54.941+00:00,38832e8e-fa0f-45a3-96ce-3cb6da270cbe,5a8a95a3-f3af-46c6-8a5b-2b2e8816fbc9,approved row bank amount -1308.05 contradicts QB amount -1298.89; approved exact-amount survivor 5a8a95a3-f3af-46c6-8a5b-2b2e8816fbc9,,,,PENDING
16170555-183c-466a-be0f-9bf5086b1970,target,R3,2,unsupported_approved_claim,SUPERSEDE,e6198519-6244-46a1-af05-e4dd83c5979f,2026-09-03,-3352.39,CLIENT PAYMENT INV-3004,f45b8a681f8b9a98f41c4eb542a6ffddbbcd3ce2c86a38e0a724826a67634b48,933cc6e0-27ea-4570-8a3b-41d1a8af9a13,d26221b2-d741-4d4d-b11e-3011dc469cdd,2026-09-02,-2227.31,CLIENT PAYMENT INV-3002,85497a91225efc910082861f4ac064d735de2ad5a4e8ac6d1644673d7b3a161d,CLIENT PAYMENT INV-3002,9768e13a-f660-42ec-9bce-58c1e13ef96c,zaki_bank_test_150_transactions.csv,2026-08-08T22:51:51.488188+00:00,933cc6e0-27ea-4570-8a3b-41d1a8af9a13,0042d6e0-86f5-4c2e-970e-a0c7ac04106a,47f6862a-19c4-4c66-9207-fc20fc3ec2f2,1c8b1bb2-1e2b-4d24-b141-e674ac840b6e,auto,2026-08-08T22:51:52.097+00:00,0.6,red,2026-08-08T22:56:03.788+00:00,0042d6e0-86f5-4c2e-970e-a0c7ac04106a,2bbdb756-ea52-4682-a56a-8c849bd59b09,approved row bank amount -2227.31 contradicts QB amount -3352.39; approved exact-amount survivor 2bbdb756-ea52-4682-a56a-8c849bd59b09,,,,PENDING
18128fd6-8f02-44b9-b8ca-c0e059442c3d,target,R3,2,unsupported_approved_claim,SUPERSEDE,310c04ad-bb53-450a-a2d8-ae6b5179ef4f,2026-09-03,-3352.39,CLIENT PAYMENT INV-3004,f45b8a681f8b9a98f41c4eb542a6ffddbbcd3ce2c86a38e0a724826a67634b48,e125b9e1-616a-4c65-969d-6e650b6d38ac,fd0ec96a-e7bc-4f0d-96e1-65c2ee94ffc4,2026-09-02,-2227.31,CLIENT PAYMENT INV-3002,85497a91225efc910082861f4ac064d735de2ad5a4e8ac6d1644673d7b3a161d,CLIENT PAYMENT INV-3002,2b699161-319f-45f8-a54d-d9de32513cec,zaki_bank_test_150_transactions.csv,2026-08-09T03:04:53.205904+00:00,e125b9e1-616a-4c65-969d-6e650b6d38ac,38832e8e-fa0f-45a3-96ce-3cb6da270cbe,daa94c07-e040-4a68-9c2f-b7f1c57582c8,3b8c0820-6970-400f-a6ed-827890f4b74c,auto,2026-08-09T03:04:53.612+00:00,0.6,red,2026-08-09T03:07:54.941+00:00,38832e8e-fa0f-45a3-96ce-3cb6da270cbe,7062baed-189b-4c96-87fc-e0dd849e1966,approved row bank amount -2227.31 contradicts QB amount -3352.39; approved exact-amount survivor 7062baed-189b-4c96-87fc-e0dd849e1966,,,,PENDING
1d2050ad-9300-4383-8cac-93b7a119301d,target,R3,2,unsupported_approved_claim,SUPERSEDE,1bb3b2c7-fbf2-4302-8755-005062ceef43,2026-09-10,1021.50,ADOBE,ee9021c84f33366bde80b75efa132836e47afa18b9ce58e8077f4c25d039666c,933cc6e0-27ea-4570-8a3b-41d1a8af9a13,23ff0e63-b92e-49d7-bf53-2a27c762092e,2026-09-12,23.58,MICROSOFT 365,1054cb307cd7f9019a0860035920cc725f32eb675bee25548ddf1f634c9dc8d5,MICROSOFT 365,9768e13a-f660-42ec-9bce-58c1e13ef96c,zaki_bank_test_150_transactions.csv,2026-08-08T22:51:51.488188+00:00,933cc6e0-27ea-4570-8a3b-41d1a8af9a13,0042d6e0-86f5-4c2e-970e-a0c7ac04106a,47f6862a-19c4-4c66-9207-fc20fc3ec2f2,1c8b1bb2-1e2b-4d24-b141-e674ac840b6e,auto,2026-08-08T22:51:52.097+00:00,0.35,red,2026-08-08T22:55:57.498+00:00,0042d6e0-86f5-4c2e-970e-a0c7ac04106a,72efb93a-b21b-46a7-a38f-f7e82ca7e20d,approved row bank amount 23.58 contradicts QB amount 1021.5; approved exact-amount survivor 72efb93a-b21b-46a7-a38f-f7e82ca7e20d,,,,PENDING
217f4198-7d4e-42a8-a101-30bd580f820f,target,R3,2,unsupported_approved_claim,SUPERSEDE,d3c34529-7dd6-4606-af2b-d59c2f19411a,2026-09-01,1484.39,GOOGLE WORKSPACE,c3f6bcf802410fe377de9e52cc34a7fd6c4cde995f949d42420033abefeaae19,933cc6e0-27ea-4570-8a3b-41d1a8af9a13,637fd8a7-3a16-4f46-bbc3-77fc5e0c5549,2026-09-04,1348.36,GOOGLE WORKSPACE,c3f6bcf802410fe377de9e52cc34a7fd6c4cde995f949d42420033abefeaae19,GOOGLE WORKSPACE,9768e13a-f660-42ec-9bce-58c1e13ef96c,zaki_bank_test_150_transactions.csv,2026-08-08T22:51:51.488188+00:00,933cc6e0-27ea-4570-8a3b-41d1a8af9a13,0042d6e0-86f5-4c2e-970e-a0c7ac04106a,47f6862a-19c4-4c66-9207-fc20fc3ec2f2,1c8b1bb2-1e2b-4d24-b141-e674ac840b6e,auto,2026-08-08T22:51:52.097+00:00,0.4,red,2026-08-08T22:55:57.498+00:00,0042d6e0-86f5-4c2e-970e-a0c7ac04106a,e8e838df-6573-4063-a722-d2b48129c52f,approved row bank amount 1348.36 contradicts QB amount 1484.39; approved exact-amount survivor e8e838df-6573-4063-a722-d2b48129c52f,,,,PENDING
222b0be3-2c9b-4fa8-9d1d-1aad6735d408,target,R3,2,unsupported_approved_claim,SUPERSEDE,04c1bde4-5d48-4223-8e22-6049b5b7961f,2026-09-01,178.44,STRIPE FEE,f0ba59aa7aa6663dd74593cd25e7adb8707b24f6f20908694a2a2c91c9b8a541,e125b9e1-616a-4c65-969d-6e650b6d38ac,7680729e-b498-47a8-a81c-4c2cd5273415,2026-09-02,-294.46,STRIPE PAYOUT,b1ba32ff6017633bf4a5f0b8cf094a15f87173e492fab6d5d965b6bd6d5941ec,STRIPE PAYOUT,2b699161-319f-45f8-a54d-d9de32513cec,zaki_bank_test_150_transactions.csv,2026-08-09T03:04:53.205904+00:00,e125b9e1-616a-4c65-969d-6e650b6d38ac,38832e8e-fa0f-45a3-96ce-3cb6da270cbe,daa94c07-e040-4a68-9c2f-b7f1c57582c8,3b8c0820-6970-400f-a6ed-827890f4b74c,auto,2026-08-09T03:04:53.612+00:00,0.45,red,2026-08-09T03:07:40.582+00:00,38832e8e-fa0f-45a3-96ce-3cb6da270cbe,1e11eb23-95e6-48d4-98ea-37e29001c9a7,approved row bank amount -294.46 contradicts QB amount 178.44; approved exact-amount survivor 1e11eb23-95e6-48d4-98ea-37e29001c9a7,,,,PENDING
231364de-9406-44b3-9b06-b1b7b4ae8191,target,R3,2,unsupported_approved_claim,SUPERSEDE,130b21ed-869f-4485-8732-186c9f166d12,2026-09-15,1956.08,MICROSOFT 365,1054cb307cd7f9019a0860035920cc725f32eb675bee25548ddf1f634c9dc8d5,e125b9e1-616a-4c65-969d-6e650b6d38ac,ebcbb658-cb61-4cc3-bfb8-85b77a9bf0b3,2026-09-13,1967.79,OFFICE DEPOT,3275864377542bd8883cb51767fd2c943ee93720f491075090e4d2d1b4db6de4,OFFICE DEPOT,2b699161-319f-45f8-a54d-d9de32513cec,zaki_bank_test_150_transactions.csv,2026-08-09T03:04:53.205904+00:00,e125b9e1-616a-4c65-969d-6e650b6d38ac,38832e8e-fa0f-45a3-96ce-3cb6da270cbe,daa94c07-e040-4a68-9c2f-b7f1c57582c8,3b8c0820-6970-400f-a6ed-827890f4b74c,auto,2026-08-09T03:04:53.612+00:00,0.75,yellow,2026-08-09T03:07:40.582+00:00,38832e8e-fa0f-45a3-96ce-3cb6da270cbe,516db136-3f3b-4c51-906b-43bad7c61570,approved row bank amount 1967.79 contradicts QB amount 1956.08; approved exact-amount survivor 516db136-3f3b-4c51-906b-43bad7c61570,,,,PENDING
246f4c37-18f6-4eaa-946f-00df966a3787,target,R3,2,unsupported_approved_claim,SUPERSEDE,a2db043b-2eeb-45a4-9633-3a20c079c076,2026-09-11,1365.01,MICROSOFT 365,1054cb307cd7f9019a0860035920cc725f32eb675bee25548ddf1f634c9dc8d5,933cc6e0-27ea-4570-8a3b-41d1a8af9a13,cdb020af-e382-4856-b023-43c9928a89f7,2026-09-09,1703.43,MICROSOFT 365,1054cb307cd7f9019a0860035920cc725f32eb675bee25548ddf1f634c9dc8d5,MICROSOFT 365,9768e13a-f660-42ec-9bce-58c1e13ef96c,zaki_bank_test_150_transactions.csv,2026-08-08T22:51:51.488188+00:00,933cc6e0-27ea-4570-8a3b-41d1a8af9a13,0042d6e0-86f5-4c2e-970e-a0c7ac04106a,47f6862a-19c4-4c66-9207-fc20fc3ec2f2,1c8b1bb2-1e2b-4d24-b141-e674ac840b6e,auto,2026-08-08T22:51:52.097+00:00,0.6,red,2026-08-08T22:55:57.498+00:00,0042d6e0-86f5-4c2e-970e-a0c7ac04106a,86697b4b-0896-4587-a022-bcce102b7f71,approved row bank amount 1703.43 contradicts QB amount 1365.01; approved exact-amount survivor 86697b4b-0896-4587-a022-bcce102b7f71,,,,PENDING
2524f1b3-80b6-4862-905e-af9758544d37,target,R6,2,conflicting_approved_duplicate_evidence,SUPERSEDE,eff8b3ac-a91a-4b6b-af95-fb033a0d45d7,2026-09-30,1000.00,TRANSFER TO SAVINGS,2550ddeaf2e9936c2182a63fd46dce90fcff49f5c3da8e0ed098afd6a56ebf34,933cc6e0-27ea-4570-8a3b-41d1a8af9a13,4660f6e0-44e9-4ae9-926e-58d2f3643dab,2026-09-30,1000.00,TRANSFER TO SAVINGS,2550ddeaf2e9936c2182a63fd46dce90fcff49f5c3da8e0ed098afd6a56ebf34,TRANSFER TO SAVINGS,9768e13a-f660-42ec-9bce-58c1e13ef96c,zaki_bank_test_150_transactions.csv,2026-08-08T22:51:51.488188+00:00,933cc6e0-27ea-4570-8a3b-41d1a8af9a13,0042d6e0-86f5-4c2e-970e-a0c7ac04106a,47f6862a-19c4-4c66-9207-fc20fc3ec2f2,1c8b1bb2-1e2b-4d24-b141-e674ac840b6e,auto,2026-08-08T22:51:52.097+00:00,1,green,2026-08-08T22:55:52.367+00:00,0042d6e0-86f5-4c2e-970e-a0c7ac04106a,abcdfc04-deeb-46c5-9451-52ee3ad65b31,identical-evidence approved pair on QB 'TRANSFER TO SAVINGS'; proposal keeps abcdfc04-deeb-46c5-9451-52ee3ad65b31 (earliest statement upload) — HUMAN DECISION REQUIRED,,,,PENDING
26f251b3-b505-427c-a3d8-d7cb0df24235,target,R3,2,unsupported_approved_claim,SUPERSEDE,977a0dd1-1b82-4cd0-8fa3-7fd8cc85e018,2026-09-01,1484.39,GOOGLE WORKSPACE,c3f6bcf802410fe377de9e52cc34a7fd6c4cde995f949d42420033abefeaae19,e125b9e1-616a-4c65-969d-6e650b6d38ac,4e131e7e-ebb3-4c39-bdc5-f6597bfaab7d,2026-09-03,13.80,GOOGLE WORKSPACE,c3f6bcf802410fe377de9e52cc34a7fd6c4cde995f949d42420033abefeaae19,GOOGLE WORKSPACE,ff103bc1-eda0-4d19-92be-094c006f220c,zaki_bank_reconciliation_test.csv,2026-08-10T06:25:15.634868+00:00,e125b9e1-616a-4c65-969d-6e650b6d38ac,38832e8e-fa0f-45a3-96ce-3cb6da270cbe,daa94c07-e040-4a68-9c2f-b7f1c57582c8,3b8c0820-6970-400f-a6ed-827890f4b74c,auto,2026-08-10T06:25:16.228+00:00,0.6,red,2026-08-10T06:26:01.852+00:00,38832e8e-fa0f-45a3-96ce-3cb6da270cbe,9caf65bd-6441-4e8c-9d1d-453f5b2affb0,approved row bank amount 13.8 contradicts QB amount 1484.39; approved exact-amount survivor 9caf65bd-6441-4e8c-9d1d-453f5b2affb0,,,,PENDING
2730ee68-2e51-49cd-bcd4-3de2085e2b84,target,R3,2,unsupported_approved_claim,SUPERSEDE,cabbec10-5155-4102-94ce-f90baf4c0441,2026-09-12,1538.35,TRAINLINE,e1eaff0eb106c162aaa2b5b15fe915f5817a5855983217f5e3b5d5d5d9bfbf39,e125b9e1-616a-4c65-969d-6e650b6d38ac,b9967cec-3cb1-403e-94e2-66e30c4227c3,2026-10-03,1532.80,TRAINLINE,e1eaff0eb106c162aaa2b5b15fe915f5817a5855983217f5e3b5d5d5d9bfbf39,TRAINLINE,2b699161-319f-45f8-a54d-d9de32513cec,zaki_bank_test_150_transactions.csv,2026-08-09T03:04:53.205904+00:00,e125b9e1-616a-4c65-969d-6e650b6d38ac,38832e8e-fa0f-45a3-96ce-3cb6da270cbe,daa94c07-e040-4a68-9c2f-b7f1c57582c8,3b8c0820-6970-400f-a6ed-827890f4b74c,auto,2026-08-09T03:04:53.612+00:00,0.65,red,2026-08-09T03:07:40.582+00:00,38832e8e-fa0f-45a3-96ce-3cb6da270cbe,9fb4f0b6-6c7e-4b73-80db-aeaac4028a8e,approved row bank amount 1532.8 contradicts QB amount 1538.35; approved exact-amount survivor 9fb4f0b6-6c7e-4b73-80db-aeaac4028a8e,,,,PENDING
27a36904-9aaa-4deb-827e-f426d58014d6,target,R3,2,unsupported_approved_claim,SUPERSEDE,4eca4547-892a-495e-9a4f-024436f3a38e,2026-09-06,763.35,MICROSOFT 365,1054cb307cd7f9019a0860035920cc725f32eb675bee25548ddf1f634c9dc8d5,933cc6e0-27ea-4570-8a3b-41d1a8af9a13,6ac32993-8d08-47c5-abc4-eeedcffab443,2026-09-07,761.05,ADOBE,ee9021c84f33366bde80b75efa132836e47afa18b9ce58e8077f4c25d039666c,ADOBE,9768e13a-f660-42ec-9bce-58c1e13ef96c,zaki_bank_test_150_transactions.csv,2026-08-08T22:51:51.488188+00:00,933cc6e0-27ea-4570-8a3b-41d1a8af9a13,0042d6e0-86f5-4c2e-970e-a0c7ac04106a,47f6862a-19c4-4c66-9207-fc20fc3ec2f2,1c8b1bb2-1e2b-4d24-b141-e674ac840b6e,auto,2026-08-08T22:51:52.097+00:00,0.75,yellow,2026-08-08T22:55:57.498+00:00,0042d6e0-86f5-4c2e-970e-a0c7ac04106a,de27aef0-9acf-4074-aefe-0b46e16b95cd,approved row bank amount 761.05 contradicts QB amount 763.35; approved exact-amount survivor de27aef0-9acf-4074-aefe-0b46e16b95cd,,,,PENDING
2b53dd76-c14d-4e41-9404-790966de64c8,target,R3,2,unsupported_approved_claim,SUPERSEDE,33b62ce5-4cd4-4ccb-a336-18577f073969,2026-09-01,-403.61,CLIENT PAYMENT INV-3001,81a13a3baadec3c85229974f613ac10289d9e65a2640ffca1beb601538fd4293,e125b9e1-616a-4c65-969d-6e650b6d38ac,0f89ec9e-866b-4296-a5ef-e2b0ad60b11a,2026-09-02,-1250.00,CLIENT PAYMENT INV-3001,81a13a3baadec3c85229974f613ac10289d9e65a2640ffca1beb601538fd4293,CLIENT PAYMENT INV-3001,ff103bc1-eda0-4d19-92be-094c006f220c,zaki_bank_reconciliation_test.csv,2026-08-10T06:25:15.634868+00:00,e125b9e1-616a-4c65-969d-6e650b6d38ac,38832e8e-fa0f-45a3-96ce-3cb6da270cbe,daa94c07-e040-4a68-9c2f-b7f1c57582c8,3b8c0820-6970-400f-a6ed-827890f4b74c,auto,2026-08-10T06:25:16.228+00:00,0.6,red,2026-08-10T06:26:00.874+00:00,38832e8e-fa0f-45a3-96ce-3cb6da270cbe,dffdc20e-2e89-4a13-925c-2ffe9a5996b1,approved row bank amount -1250 contradicts QB amount -403.61; approved exact-amount survivor dffdc20e-2e89-4a13-925c-2ffe9a5996b1,,,,PENDING
2d527274-d957-48d7-a89c-2cc0c5e5c2dc,target,R3,2,unsupported_approved_claim,SUPERSEDE,a930ae6c-d213-4644-87d1-7dc9ea7065ac,2026-09-13,309.91,SHELL,ce635c4eabff5e4f56dba8fb1e39ca235530aa2b6b18533eef1af3862016c577,e125b9e1-616a-4c65-969d-6e650b6d38ac,fca1c758-bc64-408e-98eb-4c4789477b17,2026-09-08,596.93,SHELL,ce635c4eabff5e4f56dba8fb1e39ca235530aa2b6b18533eef1af3862016c577,SHELL,2b699161-319f-45f8-a54d-d9de32513cec,zaki_bank_test_150_transactions.csv,2026-08-09T03:04:53.205904+00:00,e125b9e1-616a-4c65-969d-6e650b6d38ac,38832e8e-fa0f-45a3-96ce-3cb6da270cbe,daa94c07-e040-4a68-9c2f-b7f1c57582c8,3b8c0820-6970-400f-a6ed-827890f4b74c,auto,2026-08-09T03:04:53.612+00:00,0.4,red,2026-08-09T03:07:40.582+00:00,38832e8e-fa0f-45a3-96ce-3cb6da270cbe,dabcf095-a698-49dc-85a3-a1b36858ea6d,approved row bank amount 596.93 contradicts QB amount 309.91; approved exact-amount survivor dabcf095-a698-49dc-85a3-a1b36858ea6d,,,,PENDING
30748b96-847f-4942-877a-25cc9f707da0,target,R3,2,unsupported_approved_claim,SUPERSEDE,4bc84dda-1532-47e2-9599-dfe63631caaa,2026-09-16,849.16,OFFICE DEPOT,3275864377542bd8883cb51767fd2c943ee93720f491075090e4d2d1b4db6de4,933cc6e0-27ea-4570-8a3b-41d1a8af9a13,3892b7d8-db5e-431a-9344-6cbec5d31599,2026-09-17,1107.29,OFFICE DEPOT,3275864377542bd8883cb51767fd2c943ee93720f491075090e4d2d1b4db6de4,OFFICE DEPOT,9768e13a-f660-42ec-9bce-58c1e13ef96c,zaki_bank_test_150_transactions.csv,2026-08-08T22:51:51.488188+00:00,933cc6e0-27ea-4570-8a3b-41d1a8af9a13,0042d6e0-86f5-4c2e-970e-a0c7ac04106a,47f6862a-19c4-4c66-9207-fc20fc3ec2f2,1c8b1bb2-1e2b-4d24-b141-e674ac840b6e,auto,2026-08-08T22:51:52.097+00:00,0.6,red,2026-08-08T22:55:57.498+00:00,0042d6e0-86f5-4c2e-970e-a0c7ac04106a,a0221b7a-0d0e-40ac-a5c6-7270e2717ead,approved row bank amount 1107.29 contradicts QB amount 849.16; approved exact-amount survivor a0221b7a-0d0e-40ac-a5c6-7270e2717ead,,,,PENDING
30ce0b30-f86c-40b1-8483-681f2ce1d7d8,target,R3,2,unsupported_approved_claim,SUPERSEDE,0e9b2b65-ed96-4a22-92eb-4570811bd5b0,2026-09-08,-973.71,CLIENT PAYMENT INV-3008,0d1a3b997d44400805c9272e7706e888a25af703767ead96cba45453406c198a,e125b9e1-616a-4c65-969d-6e650b6d38ac,66903e8c-788d-4e61-899e-dcba8232b9d9,2026-09-12,-964.94,CLIENT PAYMENT INV-3009,99a2c89c46a1d38b8fa844880697371c9a579f62aa8c73fe62dec468cc2a5606,CLIENT PAYMENT INV-3009,2b699161-319f-45f8-a54d-d9de32513cec,zaki_bank_test_150_transactions.csv,2026-08-09T03:04:53.205904+00:00,e125b9e1-616a-4c65-969d-6e650b6d38ac,38832e8e-fa0f-45a3-96ce-3cb6da270cbe,daa94c07-e040-4a68-9c2f-b7f1c57582c8,3b8c0820-6970-400f-a6ed-827890f4b74c,auto,2026-08-09T03:04:53.612+00:00,0.8,yellow,2026-08-09T03:07:40.582+00:00,38832e8e-fa0f-45a3-96ce-3cb6da270cbe,67b1fbb9-35f5-4809-b7c1-020de5e663af,approved row bank amount -964.94 contradicts QB amount -973.71; approved exact-amount survivor 67b1fbb9-35f5-4809-b7c1-020de5e663af,,,,PENDING
37845cf2-c96f-4ba1-a914-062363500ac6,target,R3,2,unsupported_approved_claim,SUPERSEDE,4bc5c75e-91c5-4a70-807d-5caf105b72f7,2026-09-10,1194.84,HMRC VAT PAYMENT,e4720f94beb86e1369e1bb706b045e5b2f63ec04fd68fe5392c4459b4e64d0ce,e125b9e1-616a-4c65-969d-6e650b6d38ac,4c7223c5-55c1-4cf0-b94f-2af92445e60a,2026-09-12,1992.21,OFFICE DEPOT,3275864377542bd8883cb51767fd2c943ee93720f491075090e4d2d1b4db6de4,OFFICE DEPOT,2b699161-319f-45f8-a54d-d9de32513cec,zaki_bank_test_150_transactions.csv,2026-08-09T03:04:53.205904+00:00,e125b9e1-616a-4c65-969d-6e650b6d38ac,38832e8e-fa0f-45a3-96ce-3cb6da270cbe,daa94c07-e040-4a68-9c2f-b7f1c57582c8,3b8c0820-6970-400f-a6ed-827890f4b74c,auto,2026-08-09T03:04:53.612+00:00,0.35,red,2026-08-09T03:07:40.582+00:00,38832e8e-fa0f-45a3-96ce-3cb6da270cbe,1dcae159-c1dc-40cf-a318-d430df63f18e,approved row bank amount 1992.21 contradicts QB amount 1194.84; approved exact-amount survivor 1dcae159-c1dc-40cf-a318-d430df63f18e,,,,PENDING
37ede226-4ded-4a89-8d6f-38a77eb622ca,target,R3,2,unsupported_approved_claim,SUPERSEDE,5d5a690b-f90e-499d-86a1-0050cc8e0e4e,2026-09-03,-3049.09,CLIENT PAYMENT INV-3003,5820b82e12ab122f0b81f000ce8de87f19497966b1258f05396450c589916094,e125b9e1-616a-4c65-969d-6e650b6d38ac,a994b27a-57c0-4651-95b7-a7a8c8e744e8,2026-09-10,-3023.28,CLIENT PAYMENT INV-3007,b0dacb11da5a158e80e4e26626b0a2751b3a09df98f9041c1ef8a59326f6ca06,CLIENT PAYMENT INV-3007,2b699161-319f-45f8-a54d-d9de32513cec,zaki_bank_test_150_transactions.csv,2026-08-09T03:04:53.205904+00:00,e125b9e1-616a-4c65-969d-6e650b6d38ac,38832e8e-fa0f-45a3-96ce-3cb6da270cbe,daa94c07-e040-4a68-9c2f-b7f1c57582c8,3b8c0820-6970-400f-a6ed-827890f4b74c,auto,2026-08-09T03:04:53.612+00:00,0.65,red,2026-08-09T03:07:54.941+00:00,38832e8e-fa0f-45a3-96ce-3cb6da270cbe,fe3b1c95-9aec-4172-ab3f-dc0cb41de8ca,approved row bank amount -3023.28 contradicts QB amount -3049.09; approved exact-amount survivor fe3b1c95-9aec-4172-ab3f-dc0cb41de8ca,,,,PENDING
3f1310cf-45de-40ec-8cf7-32eeb906ae02,target,R3,2,unsupported_approved_claim,SUPERSEDE,e1fde6f2-1351-44c0-a944-331c3f60a60e,2026-09-09,290.03,BANK CHARGES,e43588e5f91e89a8c86689a31a562411129c292d816231673b1f1dec238c5694,933cc6e0-27ea-4570-8a3b-41d1a8af9a13,cc0e3d00-1699-45fb-97d1-29d06256cc45,2026-09-11,-966.37,PAYPAL PAYOUT,c4a887e4e8d7632007072a480c63947374313c0cf37d13e471602c897fb455a8,PAYPAL PAYOUT,9768e13a-f660-42ec-9bce-58c1e13ef96c,zaki_bank_test_150_transactions.csv,2026-08-08T22:51:51.488188+00:00,933cc6e0-27ea-4570-8a3b-41d1a8af9a13,0042d6e0-86f5-4c2e-970e-a0c7ac04106a,47f6862a-19c4-4c66-9207-fc20fc3ec2f2,1c8b1bb2-1e2b-4d24-b141-e674ac840b6e,auto,2026-08-08T22:51:52.097+00:00,0.35,red,2026-08-08T22:55:57.498+00:00,0042d6e0-86f5-4c2e-970e-a0c7ac04106a,d32d2f7f-68c6-463a-a487-3cb21e244c98,approved row bank amount -966.37 contradicts QB amount 290.03; approved exact-amount survivor d32d2f7f-68c6-463a-a487-3cb21e244c98,,,,PENDING
44453a69-a489-41fa-bf1a-476d6a7908e2,target,R3,2,unsupported_approved_claim,SUPERSEDE,d7631bdb-4cf0-4003-9a1f-db7c62b8bd43,2026-09-16,261.14,ADOBE,ee9021c84f33366bde80b75efa132836e47afa18b9ce58e8077f4c25d039666c,e125b9e1-616a-4c65-969d-6e650b6d38ac,6193e169-ea8b-48bc-b378-404d5500cb7d,2026-09-17,1093.45,ADOBE,ee9021c84f33366bde80b75efa132836e47afa18b9ce58e8077f4c25d039666c,ADOBE,2b699161-319f-45f8-a54d-d9de32513cec,zaki_bank_test_150_transactions.csv,2026-08-09T03:04:53.205904+00:00,e125b9e1-616a-4c65-969d-6e650b6d38ac,38832e8e-fa0f-45a3-96ce-3cb6da270cbe,daa94c07-e040-4a68-9c2f-b7f1c57582c8,3b8c0820-6970-400f-a6ed-827890f4b74c,auto,2026-08-09T03:04:53.612+00:00,0.6,red,2026-08-09T03:07:40.582+00:00,38832e8e-fa0f-45a3-96ce-3cb6da270cbe,d516053c-5b44-424a-9e96-0b905ff3ba47,approved row bank amount 1093.45 contradicts QB amount 261.14; approved exact-amount survivor d516053c-5b44-424a-9e96-0b905ff3ba47,,,,PENDING
4568675b-aeb5-4272-9168-43700d3416d7,target,R3,2,unsupported_approved_claim,SUPERSEDE,17ae1677-2955-4bd5-8421-9487cc2d8eb2,2026-09-12,-595.64,CLIENT PAYMENT INV-3013,d22166ec0fe58d8cce2936282d62753973992baf8831af2dfec4fc55352a03c1,e125b9e1-616a-4c65-969d-6e650b6d38ac,e6ab1deb-721e-42de-966f-84f60ff993ed,2026-09-13,-2926.42,CLIENT PAYMENT INV-3010,fa49995867be7c7a7960b7217937c407f01705bab82b93147badaf2f0ef57d25,CLIENT PAYMENT INV-3010,2b699161-319f-45f8-a54d-d9de32513cec,zaki_bank_test_150_transactions.csv,2026-08-09T03:04:53.205904+00:00,e125b9e1-616a-4c65-969d-6e650b6d38ac,38832e8e-fa0f-45a3-96ce-3cb6da270cbe,daa94c07-e040-4a68-9c2f-b7f1c57582c8,3b8c0820-6970-400f-a6ed-827890f4b74c,auto,2026-08-09T03:04:53.612+00:00,0.6,red,2026-08-09T03:07:54.941+00:00,38832e8e-fa0f-45a3-96ce-3cb6da270cbe,4d51f91b-2401-47ce-957b-82a89a459b10,approved row bank amount -2926.42 contradicts QB amount -595.64; approved exact-amount survivor 4d51f91b-2401-47ce-957b-82a89a459b10,,,,PENDING
47f10443-f490-4db8-bdf5-dfdbc46fb959,target,R3,2,unsupported_approved_claim,SUPERSEDE,9df5e55d-6c1e-4468-a4fc-d7148564db4b,2026-09-09,290.03,BANK CHARGES,e43588e5f91e89a8c86689a31a562411129c292d816231673b1f1dec238c5694,e125b9e1-616a-4c65-969d-6e650b6d38ac,dab98b04-fedd-40bf-bfc4-39251eeedc03,2026-09-11,-966.37,PAYPAL PAYOUT,c4a887e4e8d7632007072a480c63947374313c0cf37d13e471602c897fb455a8,PAYPAL PAYOUT,2b699161-319f-45f8-a54d-d9de32513cec,zaki_bank_test_150_transactions.csv,2026-08-09T03:04:53.205904+00:00,e125b9e1-616a-4c65-969d-6e650b6d38ac,38832e8e-fa0f-45a3-96ce-3cb6da270cbe,daa94c07-e040-4a68-9c2f-b7f1c57582c8,3b8c0820-6970-400f-a6ed-827890f4b74c,auto,2026-08-09T03:04:53.612+00:00,0.35,red,2026-08-09T03:07:40.582+00:00,38832e8e-fa0f-45a3-96ce-3cb6da270cbe,9ce24e6b-6fc2-46b4-9fa4-556cd6418d55,approved row bank amount -966.37 contradicts QB amount 290.03; approved exact-amount survivor 9ce24e6b-6fc2-46b4-9fa4-556cd6418d55,,,,PENDING
495c8d80-8ecf-4979-993b-dfc2800bd8ac,target,R6,2,conflicting_approved_duplicate_evidence,SUPERSEDE,43be2941-a210-4caa-9253-7cc632104c27,2026-09-30,1000.00,TRANSFER TO SAVINGS,2550ddeaf2e9936c2182a63fd46dce90fcff49f5c3da8e0ed098afd6a56ebf34,e125b9e1-616a-4c65-969d-6e650b6d38ac,2f530664-b2d3-4cea-85d6-8a86a0ea995e,2026-09-30,1000.00,TRANSFER TO SAVINGS,2550ddeaf2e9936c2182a63fd46dce90fcff49f5c3da8e0ed098afd6a56ebf34,TRANSFER TO SAVINGS,2b699161-319f-45f8-a54d-d9de32513cec,zaki_bank_test_150_transactions.csv,2026-08-09T03:04:53.205904+00:00,e125b9e1-616a-4c65-969d-6e650b6d38ac,38832e8e-fa0f-45a3-96ce-3cb6da270cbe,daa94c07-e040-4a68-9c2f-b7f1c57582c8,3b8c0820-6970-400f-a6ed-827890f4b74c,auto,2026-08-09T03:04:53.612+00:00,1,green,2026-08-09T03:06:42.487+00:00,38832e8e-fa0f-45a3-96ce-3cb6da270cbe,c1b21c55-8a00-4e34-977f-ad88b23a0e06,identical-evidence approved pair on QB 'TRANSFER TO SAVINGS'; proposal keeps c1b21c55-8a00-4e34-977f-ad88b23a0e06 (earliest statement upload) — HUMAN DECISION REQUIRED,,,,PENDING
49f62488-4021-42a5-99fc-60903f6c1228,target,R3,2,unsupported_approved_claim,SUPERSEDE,ec2f2979-7440-4097-b9e4-d5190774bbad,2026-09-14,1858.55,MICROSOFT 365,1054cb307cd7f9019a0860035920cc725f32eb675bee25548ddf1f634c9dc8d5,933cc6e0-27ea-4570-8a3b-41d1a8af9a13,163779a0-2bf4-4f6b-a51e-9d88b1830cf8,2026-09-14,1863.85,TRAINLINE,e1eaff0eb106c162aaa2b5b15fe915f5817a5855983217f5e3b5d5d5d9bfbf39,TRAINLINE,9768e13a-f660-42ec-9bce-58c1e13ef96c,zaki_bank_test_150_transactions.csv,2026-08-08T22:51:51.488188+00:00,933cc6e0-27ea-4570-8a3b-41d1a8af9a13,0042d6e0-86f5-4c2e-970e-a0c7ac04106a,47f6862a-19c4-4c66-9207-fc20fc3ec2f2,1c8b1bb2-1e2b-4d24-b141-e674ac840b6e,auto,2026-08-08T22:51:52.097+00:00,0.75,yellow,2026-08-08T22:55:57.498+00:00,0042d6e0-86f5-4c2e-970e-a0c7ac04106a,ca923dbb-2c81-4547-931c-ad2381d46189,approved row bank amount 1863.85 contradicts QB amount 1858.55; approved exact-amount survivor ca923dbb-2c81-4547-931c-ad2381d46189,,,,PENDING
4e15d74e-eacd-4b38-979c-548d7fcd8882,target,R3,2,unsupported_approved_claim,SUPERSEDE,3b9a5c97-9561-4511-977b-85c21c73e968,2026-09-15,1956.08,MICROSOFT 365,1054cb307cd7f9019a0860035920cc725f32eb675bee25548ddf1f634c9dc8d5,933cc6e0-27ea-4570-8a3b-41d1a8af9a13,3aea31f3-b515-4acb-94ec-758c02861d5b,2026-09-13,1967.79,OFFICE DEPOT,3275864377542bd8883cb51767fd2c943ee93720f491075090e4d2d1b4db6de4,OFFICE DEPOT,9768e13a-f660-42ec-9bce-58c1e13ef96c,zaki_bank_test_150_transactions.csv,2026-08-08T22:51:51.488188+00:00,933cc6e0-27ea-4570-8a3b-41d1a8af9a13,0042d6e0-86f5-4c2e-970e-a0c7ac04106a,47f6862a-19c4-4c66-9207-fc20fc3ec2f2,1c8b1bb2-1e2b-4d24-b141-e674ac840b6e,auto,2026-08-08T22:51:52.097+00:00,0.75,yellow,2026-08-08T22:55:57.498+00:00,0042d6e0-86f5-4c2e-970e-a0c7ac04106a,040a9f17-65b4-4a3e-9fcc-d2aed02b43b8,approved row bank amount 1967.79 contradicts QB amount 1956.08; approved exact-amount survivor 040a9f17-65b4-4a3e-9fcc-d2aed02b43b8,,,,PENDING
4fa4af76-4fb7-478e-95e7-4d478c3d3bb0,target,R3,2,unsupported_approved_claim,SUPERSEDE,390c6fca-f03e-466f-b70e-870fe77532c9,2026-09-14,1199.89,GOOGLE WORKSPACE,c3f6bcf802410fe377de9e52cc34a7fd6c4cde995f949d42420033abefeaae19,e125b9e1-616a-4c65-969d-6e650b6d38ac,23b4852b-8bbf-4b82-87e8-8431ec832cc1,2026-09-18,1798.35,GOOGLE WORKSPACE,c3f6bcf802410fe377de9e52cc34a7fd6c4cde995f949d42420033abefeaae19,GOOGLE WORKSPACE,2b699161-319f-45f8-a54d-d9de32513cec,zaki_bank_test_150_transactions.csv,2026-08-09T03:04:53.205904+00:00,e125b9e1-616a-4c65-969d-6e650b6d38ac,38832e8e-fa0f-45a3-96ce-3cb6da270cbe,daa94c07-e040-4a68-9c2f-b7f1c57582c8,3b8c0820-6970-400f-a6ed-827890f4b74c,auto,2026-08-09T03:04:53.612+00:00,0.4,red,2026-08-09T03:07:40.582+00:00,38832e8e-fa0f-45a3-96ce-3cb6da270cbe,fc5c9204-9533-40e6-9fb3-8b485aa9a511,approved row bank amount 1798.35 contradicts QB amount 1199.89; approved exact-amount survivor fc5c9204-9533-40e6-9fb3-8b485aa9a511,,,,PENDING
5128632c-2104-4923-ad75-b2c58cdcb529,target,R3,2,unsupported_approved_claim,SUPERSEDE,1a9f4d41-55f9-4ff3-a464-5afe6968687f,2026-09-14,1907.23,STRIPE FEE,f0ba59aa7aa6663dd74593cd25e7adb8707b24f6f20908694a2a2c91c9b8a541,e125b9e1-616a-4c65-969d-6e650b6d38ac,8667ab94-c834-46e7-9ddb-0cfa245f37c0,2026-09-09,319.08,STRIPE FEE,f0ba59aa7aa6663dd74593cd25e7adb8707b24f6f20908694a2a2c91c9b8a541,STRIPE FEE,2b699161-319f-45f8-a54d-d9de32513cec,zaki_bank_test_150_transactions.csv,2026-08-09T03:04:53.205904+00:00,e125b9e1-616a-4c65-969d-6e650b6d38ac,38832e8e-fa0f-45a3-96ce-3cb6da270cbe,daa94c07-e040-4a68-9c2f-b7f1c57582c8,3b8c0820-6970-400f-a6ed-827890f4b74c,auto,2026-08-09T03:04:53.612+00:00,0.4,red,2026-08-09T03:07:40.582+00:00,38832e8e-fa0f-45a3-96ce-3cb6da270cbe,de90515c-7ffe-4c8b-a739-8847ce562248,approved row bank amount 319.08 contradicts QB amount 1907.23; approved exact-amount survivor de90515c-7ffe-4c8b-a739-8847ce562248,,,,PENDING
532c6727-f92e-4fce-9710-5ac37d055a09,target,R3,2,unsupported_approved_claim,SUPERSEDE,024b4e7a-6ecd-4907-9c98-88b6fc0981a9,2026-09-05,1106.32,MICROSOFT 365,1054cb307cd7f9019a0860035920cc725f32eb675bee25548ddf1f634c9dc8d5,933cc6e0-27ea-4570-8a3b-41d1a8af9a13,b4cf8539-ecd9-45f4-9751-4b154ed6d828,2026-09-04,125.92,MICROSOFT 365,1054cb307cd7f9019a0860035920cc725f32eb675bee25548ddf1f634c9dc8d5,MICROSOFT 365,9768e13a-f660-42ec-9bce-58c1e13ef96c,zaki_bank_test_150_transactions.csv,2026-08-08T22:51:51.488188+00:00,933cc6e0-27ea-4570-8a3b-41d1a8af9a13,0042d6e0-86f5-4c2e-970e-a0c7ac04106a,47f6862a-19c4-4c66-9207-fc20fc3ec2f2,1c8b1bb2-1e2b-4d24-b141-e674ac840b6e,auto,2026-08-08T22:51:52.097+00:00,0.6,red,2026-08-08T22:55:57.498+00:00,0042d6e0-86f5-4c2e-970e-a0c7ac04106a,c61fdf74-f8ea-4c93-8970-01903a681320,approved row bank amount 125.92 contradicts QB amount 1106.32; approved exact-amount survivor c61fdf74-f8ea-4c93-8970-01903a681320,,,,PENDING
5438ec10-e4f9-4a67-b3ad-2265c7f032fc,target,R3,2,unsupported_approved_claim,SUPERSEDE,e6ac3c68-3889-4238-b3af-10c99951672b,2026-09-06,1970.52,TRAINLINE,e1eaff0eb106c162aaa2b5b15fe915f5817a5855983217f5e3b5d5d5d9bfbf39,e125b9e1-616a-4c65-969d-6e650b6d38ac,c4eee5cc-379e-49e4-957d-d73e662b6eb5,2026-09-07,1853.40,TRAINLINE,e1eaff0eb106c162aaa2b5b15fe915f5817a5855983217f5e3b5d5d5d9bfbf39,TRAINLINE,2b699161-319f-45f8-a54d-d9de32513cec,zaki_bank_test_150_transactions.csv,2026-08-09T03:04:53.205904+00:00,e125b9e1-616a-4c65-969d-6e650b6d38ac,38832e8e-fa0f-45a3-96ce-3cb6da270cbe,daa94c07-e040-4a68-9c2f-b7f1c57582c8,3b8c0820-6970-400f-a6ed-827890f4b74c,auto,2026-08-09T03:04:53.612+00:00,0.6,red,2026-08-09T03:07:40.582+00:00,38832e8e-fa0f-45a3-96ce-3cb6da270cbe,97048913-4ca1-4fed-ac8c-4eaf14c95a95,approved row bank amount 1853.4 contradicts QB amount 1970.52; approved exact-amount survivor 97048913-4ca1-4fed-ac8c-4eaf14c95a95,,,,PENDING
5947b9eb-1f37-4c2e-839e-bed931dca73f,target,R3,2,unsupported_approved_claim,SUPERSEDE,80789a56-1059-4cdd-9e0f-91f8847ff1af,2026-09-17,-2568.26,CLIENT PAYMENT INV-3015,cacc5bf5ef54b6b11ad524f3d65c206737af16d82fe9944ca285b38ebbd6e50a,e125b9e1-616a-4c65-969d-6e650b6d38ac,ed9be106-39de-410f-b220-db5cce5cf3d2,2026-09-16,-62.23,CLIENT PAYMENT INV-3012,3776d648582b314dcf68dcc73d82f9911965bb984244cbd6eaf08f0aca4aa63e,CLIENT PAYMENT INV-3012,2b699161-319f-45f8-a54d-d9de32513cec,zaki_bank_test_150_transactions.csv,2026-08-09T03:04:53.205904+00:00,e125b9e1-616a-4c65-969d-6e650b6d38ac,38832e8e-fa0f-45a3-96ce-3cb6da270cbe,daa94c07-e040-4a68-9c2f-b7f1c57582c8,3b8c0820-6970-400f-a6ed-827890f4b74c,auto,2026-08-09T03:04:53.612+00:00,0.6,red,2026-08-09T03:07:54.941+00:00,38832e8e-fa0f-45a3-96ce-3cb6da270cbe,e6a29cb9-c30d-497d-9b1e-a91a059c6097,approved row bank amount -62.23 contradicts QB amount -2568.26; approved exact-amount survivor e6a29cb9-c30d-497d-9b1e-a91a059c6097,,,,PENDING
61ba1d56-79b3-49a1-87ba-82b6af950e89,target,R3,2,unsupported_approved_claim,SUPERSEDE,2558eb7b-81be-4075-beba-7ce9f54e1b8a,2026-09-02,841.94,STRIPE FEE,f0ba59aa7aa6663dd74593cd25e7adb8707b24f6f20908694a2a2c91c9b8a541,e125b9e1-616a-4c65-969d-6e650b6d38ac,467364bf-61b6-4271-beec-1ee58dc52406,2026-09-07,848.90,TRAINLINE,e1eaff0eb106c162aaa2b5b15fe915f5817a5855983217f5e3b5d5d5d9bfbf39,TRAINLINE,2b699161-319f-45f8-a54d-d9de32513cec,zaki_bank_test_150_transactions.csv,2026-08-09T03:04:53.205904+00:00,e125b9e1-616a-4c65-969d-6e650b6d38ac,38832e8e-fa0f-45a3-96ce-3cb6da270cbe,daa94c07-e040-4a68-9c2f-b7f1c57582c8,3b8c0820-6970-400f-a6ed-827890f4b74c,auto,2026-08-09T03:04:53.612+00:00,0.55,red,2026-08-09T03:07:40.582+00:00,38832e8e-fa0f-45a3-96ce-3cb6da270cbe,7b94129e-4341-4672-aa97-320d5fcf460f,approved row bank amount 848.9 contradicts QB amount 841.94; approved exact-amount survivor 7b94129e-4341-4672-aa97-320d5fcf460f,,,,PENDING
659f26c9-4eea-4aaf-80e1-b94a102509c0,target,R3,2,unsupported_approved_claim,SUPERSEDE,0887172a-0cc0-47f5-8663-9d93e108ddf9,2026-09-14,1199.89,GOOGLE WORKSPACE,c3f6bcf802410fe377de9e52cc34a7fd6c4cde995f949d42420033abefeaae19,933cc6e0-27ea-4570-8a3b-41d1a8af9a13,00e7b583-2c37-4791-a2ed-6ae4f066019f,2026-09-18,1798.35,GOOGLE WORKSPACE,c3f6bcf802410fe377de9e52cc34a7fd6c4cde995f949d42420033abefeaae19,GOOGLE WORKSPACE,9768e13a-f660-42ec-9bce-58c1e13ef96c,zaki_bank_test_150_transactions.csv,2026-08-08T22:51:51.488188+00:00,933cc6e0-27ea-4570-8a3b-41d1a8af9a13,0042d6e0-86f5-4c2e-970e-a0c7ac04106a,47f6862a-19c4-4c66-9207-fc20fc3ec2f2,1c8b1bb2-1e2b-4d24-b141-e674ac840b6e,auto,2026-08-08T22:51:52.097+00:00,0.4,red,2026-08-08T22:55:57.498+00:00,0042d6e0-86f5-4c2e-970e-a0c7ac04106a,a32f9b37-c17a-44ea-8313-0d8b0b323394,approved row bank amount 1798.35 contradicts QB amount 1199.89; approved exact-amount survivor a32f9b37-c17a-44ea-8313-0d8b0b323394,,,,PENDING
66b20c58-5186-48d0-8ced-58ee3b453a47,target,R3,2,unsupported_approved_claim,SUPERSEDE,aa1d3b72-9d06-44f8-8e55-65fda4bcfc1d,2026-09-12,1538.35,TRAINLINE,e1eaff0eb106c162aaa2b5b15fe915f5817a5855983217f5e3b5d5d5d9bfbf39,933cc6e0-27ea-4570-8a3b-41d1a8af9a13,c2eca5eb-5f0d-4cd1-bcda-e6fc1171fbba,2026-10-03,1532.80,TRAINLINE,e1eaff0eb106c162aaa2b5b15fe915f5817a5855983217f5e3b5d5d5d9bfbf39,TRAINLINE,9768e13a-f660-42ec-9bce-58c1e13ef96c,zaki_bank_test_150_transactions.csv,2026-08-08T22:51:51.488188+00:00,933cc6e0-27ea-4570-8a3b-41d1a8af9a13,0042d6e0-86f5-4c2e-970e-a0c7ac04106a,47f6862a-19c4-4c66-9207-fc20fc3ec2f2,1c8b1bb2-1e2b-4d24-b141-e674ac840b6e,auto,2026-08-08T22:51:52.097+00:00,0.65,red,2026-08-08T22:55:57.498+00:00,0042d6e0-86f5-4c2e-970e-a0c7ac04106a,99a3fd62-4ace-41ad-bcb2-e2aeb05041a9,approved row bank amount 1532.8 contradicts QB amount 1538.35; approved exact-amount survivor 99a3fd62-4ace-41ad-bcb2-e2aeb05041a9,,,,PENDING
6904e990-7c4b-4da5-b8a0-5795a9c3ff7e,target,R3,2,unsupported_approved_claim,SUPERSEDE,3939c995-5169-4e3b-83ed-7a13dcf4d79f,2026-09-16,849.16,OFFICE DEPOT,3275864377542bd8883cb51767fd2c943ee93720f491075090e4d2d1b4db6de4,e125b9e1-616a-4c65-969d-6e650b6d38ac,eacd3450-e27e-423d-bb6d-02230ba52da7,2026-09-17,1107.29,OFFICE DEPOT,3275864377542bd8883cb51767fd2c943ee93720f491075090e4d2d1b4db6de4,OFFICE DEPOT,2b699161-319f-45f8-a54d-d9de32513cec,zaki_bank_test_150_transactions.csv,2026-08-09T03:04:53.205904+00:00,e125b9e1-616a-4c65-969d-6e650b6d38ac,38832e8e-fa0f-45a3-96ce-3cb6da270cbe,daa94c07-e040-4a68-9c2f-b7f1c57582c8,3b8c0820-6970-400f-a6ed-827890f4b74c,auto,2026-08-09T03:04:53.612+00:00,0.6,red,2026-08-09T03:07:40.582+00:00,38832e8e-fa0f-45a3-96ce-3cb6da270cbe,2e2ed5d2-0d6a-4a6d-93aa-be5e39046630,approved row bank amount 1107.29 contradicts QB amount 849.16; approved exact-amount survivor 2e2ed5d2-0d6a-4a6d-93aa-be5e39046630,,,,PENDING
6bfd8ff2-ff44-4230-b8b3-601a882069cd,target,R3,2,unsupported_approved_claim,SUPERSEDE,029fc64e-03fd-43db-b5bb-19e4d51cc4c4,2026-09-02,-804.30,CLIENT PAYMENT INV-3002,85497a91225efc910082861f4ac064d735de2ad5a4e8ac6d1644673d7b3a161d,e125b9e1-616a-4c65-969d-6e650b6d38ac,1e7da61f-2c37-461c-8106-fd62924a80ce,2026-09-01,-843.90,CLIENT PAYMENT INV-3001,81a13a3baadec3c85229974f613ac10289d9e65a2640ffca1beb601538fd4293,CLIENT PAYMENT INV-3001,2b699161-319f-45f8-a54d-d9de32513cec,zaki_bank_test_150_transactions.csv,2026-08-09T03:04:53.205904+00:00,e125b9e1-616a-4c65-969d-6e650b6d38ac,38832e8e-fa0f-45a3-96ce-3cb6da270cbe,daa94c07-e040-4a68-9c2f-b7f1c57582c8,3b8c0820-6970-400f-a6ed-827890f4b74c,auto,2026-08-09T03:04:53.612+00:00,0.6,red,2026-08-09T03:07:54.941+00:00,38832e8e-fa0f-45a3-96ce-3cb6da270cbe,6a4f4da5-62b9-4cec-b91d-909fe00b5f93,approved row bank amount -843.9 contradicts QB amount -804.3; approved exact-amount survivor 6a4f4da5-62b9-4cec-b91d-909fe00b5f93,,,,PENDING
7052959f-722b-4e15-b18c-e4aa29a2062a,target,R3,2,unsupported_approved_claim,SUPERSEDE,aad42d22-6dd7-4d6f-b0ee-d668fc255aee,2026-09-14,1907.23,STRIPE FEE,f0ba59aa7aa6663dd74593cd25e7adb8707b24f6f20908694a2a2c91c9b8a541,933cc6e0-27ea-4570-8a3b-41d1a8af9a13,c44fec91-8cd4-4455-b461-ac45993f98eb,2026-09-09,319.08,STRIPE FEE,f0ba59aa7aa6663dd74593cd25e7adb8707b24f6f20908694a2a2c91c9b8a541,STRIPE FEE,9768e13a-f660-42ec-9bce-58c1e13ef96c,zaki_bank_test_150_transactions.csv,2026-08-08T22:51:51.488188+00:00,933cc6e0-27ea-4570-8a3b-41d1a8af9a13,0042d6e0-86f5-4c2e-970e-a0c7ac04106a,47f6862a-19c4-4c66-9207-fc20fc3ec2f2,1c8b1bb2-1e2b-4d24-b141-e674ac840b6e,auto,2026-08-08T22:51:52.097+00:00,0.4,red,2026-08-08T22:55:57.498+00:00,0042d6e0-86f5-4c2e-970e-a0c7ac04106a,dc22195d-2625-48a9-bc38-69dd52aadcc8,approved row bank amount 319.08 contradicts QB amount 1907.23; approved exact-amount survivor dc22195d-2625-48a9-bc38-69dd52aadcc8,,,,PENDING
731ea4f0-7dd2-4927-85da-46ba58d6e7bf,target,R6,2,conflicting_approved_duplicate_evidence,SUPERSEDE,41adbcf4-b89a-464f-8d26-f87aae5bc8aa,2026-10-01,-48.72,REFUND AMAZON,4e1599e7d8046e4ec850afe761adf81abe542789adb5d7fabc00ec07859f10d4,e125b9e1-616a-4c65-969d-6e650b6d38ac,9520363f-1774-444e-8bbc-55095f57c2c3,2026-10-01,-48.72,REFUND AMAZON,4e1599e7d8046e4ec850afe761adf81abe542789adb5d7fabc00ec07859f10d4,REFUND AMAZON,2b699161-319f-45f8-a54d-d9de32513cec,zaki_bank_test_150_transactions.csv,2026-08-09T03:04:53.205904+00:00,e125b9e1-616a-4c65-969d-6e650b6d38ac,38832e8e-fa0f-45a3-96ce-3cb6da270cbe,daa94c07-e040-4a68-9c2f-b7f1c57582c8,3b8c0820-6970-400f-a6ed-827890f4b74c,auto,2026-08-09T03:04:53.612+00:00,1,green,2026-08-09T03:06:42.487+00:00,38832e8e-fa0f-45a3-96ce-3cb6da270cbe,b21bdd83-defe-4e68-ab8b-a007a9e87f9b,identical-evidence approved pair on QB 'REFUND AMAZON'; proposal keeps b21bdd83-defe-4e68-ab8b-a007a9e87f9b (earliest statement upload) — HUMAN DECISION REQUIRED,,,,PENDING
753496cd-0d24-4f7a-aed3-490db4dd60eb,target,R3,2,unsupported_approved_claim,SUPERSEDE,46b7c9f3-c0b3-411f-8176-330f022352d7,2026-09-12,-3403.01,STRIPE PAYOUT,b1ba32ff6017633bf4a5f0b8cf094a15f87173e492fab6d5d965b6bd6d5941ec,933cc6e0-27ea-4570-8a3b-41d1a8af9a13,8b994d67-36fd-4e6d-adc7-5e56d31a5532,2026-09-14,-448.23,STRIPE PAYOUT,b1ba32ff6017633bf4a5f0b8cf094a15f87173e492fab6d5d965b6bd6d5941ec,STRIPE PAYOUT,9768e13a-f660-42ec-9bce-58c1e13ef96c,zaki_bank_test_150_transactions.csv,2026-08-08T22:51:51.488188+00:00,933cc6e0-27ea-4570-8a3b-41d1a8af9a13,0042d6e0-86f5-4c2e-970e-a0c7ac04106a,47f6862a-19c4-4c66-9207-fc20fc3ec2f2,1c8b1bb2-1e2b-4d24-b141-e674ac840b6e,auto,2026-08-08T22:51:52.097+00:00,0.6,red,2026-08-08T22:55:57.498+00:00,0042d6e0-86f5-4c2e-970e-a0c7ac04106a,5173e37e-e22c-4e2e-a436-d22befdbbd2c,approved row bank amount -448.23 contradicts QB amount -3403.01; approved exact-amount survivor 5173e37e-e22c-4e2e-a436-d22befdbbd2c,,,,PENDING
79836dd0-ba4f-4d85-ae9a-5bebaff63289,target,R3,2,unsupported_approved_claim,SUPERSEDE,1caad322-147d-4798-83c4-8ec475e3cd66,2026-09-04,532.72,OFFICE DEPOT,3275864377542bd8883cb51767fd2c943ee93720f491075090e4d2d1b4db6de4,e125b9e1-616a-4c65-969d-6e650b6d38ac,b8273803-f660-442e-9d15-a333b19d20e2,2026-09-03,1154.54,OFFICE DEPOT,3275864377542bd8883cb51767fd2c943ee93720f491075090e4d2d1b4db6de4,OFFICE DEPOT,2b699161-319f-45f8-a54d-d9de32513cec,zaki_bank_test_150_transactions.csv,2026-08-09T03:04:53.205904+00:00,e125b9e1-616a-4c65-969d-6e650b6d38ac,38832e8e-fa0f-45a3-96ce-3cb6da270cbe,daa94c07-e040-4a68-9c2f-b7f1c57582c8,3b8c0820-6970-400f-a6ed-827890f4b74c,auto,2026-08-09T03:04:53.612+00:00,0.6,red,2026-08-09T03:07:40.582+00:00,38832e8e-fa0f-45a3-96ce-3cb6da270cbe,db695c69-e40a-4e30-8def-e39d350434e5,approved row bank amount 1154.54 contradicts QB amount 532.72; approved exact-amount survivor db695c69-e40a-4e30-8def-e39d350434e5,,,,PENDING
79c3b78b-a91e-4a9b-87e1-16541f00e2c8,target,R3,2,unsupported_approved_claim,SUPERSEDE,f47d6182-a9d7-488a-83d2-f0168093b8b3,2026-09-05,1106.32,MICROSOFT 365,1054cb307cd7f9019a0860035920cc725f32eb675bee25548ddf1f634c9dc8d5,e125b9e1-616a-4c65-969d-6e650b6d38ac,099e42e3-90e2-43d0-8158-4ea4ec5dc5b4,2026-09-04,125.92,MICROSOFT 365,1054cb307cd7f9019a0860035920cc725f32eb675bee25548ddf1f634c9dc8d5,MICROSOFT 365,2b699161-319f-45f8-a54d-d9de32513cec,zaki_bank_test_150_transactions.csv,2026-08-09T03:04:53.205904+00:00,e125b9e1-616a-4c65-969d-6e650b6d38ac,38832e8e-fa0f-45a3-96ce-3cb6da270cbe,daa94c07-e040-4a68-9c2f-b7f1c57582c8,3b8c0820-6970-400f-a6ed-827890f4b74c,auto,2026-08-09T03:04:53.612+00:00,0.6,red,2026-08-09T03:07:40.582+00:00,38832e8e-fa0f-45a3-96ce-3cb6da270cbe,d93fb171-c783-47c9-a178-dde915220ece,approved row bank amount 125.92 contradicts QB amount 1106.32; approved exact-amount survivor d93fb171-c783-47c9-a178-dde915220ece,,,,PENDING
7d0e9f99-f01f-45c2-8214-cdfcaab2a3b3,target,R3,2,unsupported_approved_claim,SUPERSEDE,fc39c929-acb9-4870-ac7b-8625d1553a07,2026-09-01,178.44,STRIPE FEE,f0ba59aa7aa6663dd74593cd25e7adb8707b24f6f20908694a2a2c91c9b8a541,933cc6e0-27ea-4570-8a3b-41d1a8af9a13,b6debd40-b44b-4699-82ca-7bcaf5309200,2026-09-02,-294.46,STRIPE PAYOUT,b1ba32ff6017633bf4a5f0b8cf094a15f87173e492fab6d5d965b6bd6d5941ec,STRIPE PAYOUT,9768e13a-f660-42ec-9bce-58c1e13ef96c,zaki_bank_test_150_transactions.csv,2026-08-08T22:51:51.488188+00:00,933cc6e0-27ea-4570-8a3b-41d1a8af9a13,0042d6e0-86f5-4c2e-970e-a0c7ac04106a,47f6862a-19c4-4c66-9207-fc20fc3ec2f2,1c8b1bb2-1e2b-4d24-b141-e674ac840b6e,auto,2026-08-08T22:51:52.097+00:00,0.45,red,2026-08-08T22:55:57.498+00:00,0042d6e0-86f5-4c2e-970e-a0c7ac04106a,51e5e474-4620-444b-8a56-0989cc7d41c5,approved row bank amount -294.46 contradicts QB amount 178.44; approved exact-amount survivor 51e5e474-4620-444b-8a56-0989cc7d41c5,,,,PENDING
82c63a3d-3d08-4f6e-b1c4-62f4304a78f8,target,R3,2,unsupported_approved_claim,SUPERSEDE,a939cff2-fe20-4f20-9fe1-aaec94a1638b,2026-09-07,-2151.50,PAYPAL PAYOUT,c4a887e4e8d7632007072a480c63947374313c0cf37d13e471602c897fb455a8,933cc6e0-27ea-4570-8a3b-41d1a8af9a13,9586c047-fbb9-40ac-ac8d-754244a2f0c1,2026-09-05,-224.53,PAYPAL PAYOUT,c4a887e4e8d7632007072a480c63947374313c0cf37d13e471602c897fb455a8,PAYPAL PAYOUT,9768e13a-f660-42ec-9bce-58c1e13ef96c,zaki_bank_test_150_transactions.csv,2026-08-08T22:51:51.488188+00:00,933cc6e0-27ea-4570-8a3b-41d1a8af9a13,0042d6e0-86f5-4c2e-970e-a0c7ac04106a,47f6862a-19c4-4c66-9207-fc20fc3ec2f2,1c8b1bb2-1e2b-4d24-b141-e674ac840b6e,auto,2026-08-08T22:51:52.097+00:00,0.6,red,2026-08-08T22:55:57.498+00:00,0042d6e0-86f5-4c2e-970e-a0c7ac04106a,0662a0d8-aec8-49a6-bc9c-595cc0a8ee41,approved row bank amount -224.53 contradicts QB amount -2151.5; approved exact-amount survivor 0662a0d8-aec8-49a6-bc9c-595cc0a8ee41,,,,PENDING
8458dfba-ba39-405e-bfc1-f874a6e9546e,target,R3,2,unsupported_approved_claim,SUPERSEDE,cd90b49f-1350-4fd4-8066-7104b8c63dbf,2026-09-13,1684.13,TRAINLINE,e1eaff0eb106c162aaa2b5b15fe915f5817a5855983217f5e3b5d5d5d9bfbf39,e125b9e1-616a-4c65-969d-6e650b6d38ac,72f2e79d-3052-4342-b321-f68e66a91d8a,2026-09-15,1013.29,TRAINLINE,e1eaff0eb106c162aaa2b5b15fe915f5817a5855983217f5e3b5d5d5d9bfbf39,TRAINLINE,2b699161-319f-45f8-a54d-d9de32513cec,zaki_bank_test_150_transactions.csv,2026-08-09T03:04:53.205904+00:00,e125b9e1-616a-4c65-969d-6e650b6d38ac,38832e8e-fa0f-45a3-96ce-3cb6da270cbe,daa94c07-e040-4a68-9c2f-b7f1c57582c8,3b8c0820-6970-400f-a6ed-827890f4b74c,auto,2026-08-09T03:04:53.612+00:00,0.6,red,2026-08-09T03:07:40.582+00:00,38832e8e-fa0f-45a3-96ce-3cb6da270cbe,1a29e0ed-403c-4912-935a-de761c9f1a23,approved row bank amount 1013.29 contradicts QB amount 1684.13; approved exact-amount survivor 1a29e0ed-403c-4912-935a-de761c9f1a23,,,,PENDING
85ca48fe-96b1-49d0-be8d-ae35119958ac,target,R3,2,unsupported_approved_claim,SUPERSEDE,767abc0b-94fc-4d41-bf87-949448035478,2026-09-08,-973.71,CLIENT PAYMENT INV-3008,0d1a3b997d44400805c9272e7706e888a25af703767ead96cba45453406c198a,933cc6e0-27ea-4570-8a3b-41d1a8af9a13,3ea3eb88-874a-4fef-9fb1-d22a8a547ca8,2026-09-12,-964.94,CLIENT PAYMENT INV-3009,99a2c89c46a1d38b8fa844880697371c9a579f62aa8c73fe62dec468cc2a5606,CLIENT PAYMENT INV-3009,9768e13a-f660-42ec-9bce-58c1e13ef96c,zaki_bank_test_150_transactions.csv,2026-08-08T22:51:51.488188+00:00,933cc6e0-27ea-4570-8a3b-41d1a8af9a13,0042d6e0-86f5-4c2e-970e-a0c7ac04106a,47f6862a-19c4-4c66-9207-fc20fc3ec2f2,1c8b1bb2-1e2b-4d24-b141-e674ac840b6e,auto,2026-08-08T22:51:52.097+00:00,0.8,yellow,2026-08-08T22:52:43.599+00:00,0042d6e0-86f5-4c2e-970e-a0c7ac04106a,1abc6be2-5d16-4b36-831e-07610be555cc,approved row bank amount -964.94 contradicts QB amount -973.71; approved exact-amount survivor 1abc6be2-5d16-4b36-831e-07610be555cc,,,,PENDING
88458d92-f456-4dc9-9042-ae7833a1a752,target,R3,2,unsupported_approved_claim,SUPERSEDE,0848b035-180f-405a-a9d9-cfc22dfdfddb,2026-09-05,-289.97,CLIENT PAYMENT INV-3007,b0dacb11da5a158e80e4e26626b0a2751b3a09df98f9041c1ef8a59326f6ca06,933cc6e0-27ea-4570-8a3b-41d1a8af9a13,97243dd6-bd54-4dbe-b19e-dd59ace375e6,2026-09-03,-1511.35,STRIPE PAYOUT,b1ba32ff6017633bf4a5f0b8cf094a15f87173e492fab6d5d965b6bd6d5941ec,STRIPE PAYOUT,9768e13a-f660-42ec-9bce-58c1e13ef96c,zaki_bank_test_150_transactions.csv,2026-08-08T22:51:51.488188+00:00,933cc6e0-27ea-4570-8a3b-41d1a8af9a13,0042d6e0-86f5-4c2e-970e-a0c7ac04106a,47f6862a-19c4-4c66-9207-fc20fc3ec2f2,1c8b1bb2-1e2b-4d24-b141-e674ac840b6e,auto,2026-08-08T22:51:52.097+00:00,0.35,red,2026-08-08T22:55:57.498+00:00,0042d6e0-86f5-4c2e-970e-a0c7ac04106a,3092c442-1504-46ff-8b9f-c3479e691f9a,approved row bank amount -1511.35 contradicts QB amount -289.97; approved exact-amount survivor 3092c442-1504-46ff-8b9f-c3479e691f9a,,,,PENDING
8bb0fe90-e389-40ba-8cda-f37f441fd08e,target,R3,2,unsupported_approved_claim,SUPERSEDE,53531e72-8d4e-43cc-8f97-37056f27e6dc,2026-09-07,-2151.50,PAYPAL PAYOUT,c4a887e4e8d7632007072a480c63947374313c0cf37d13e471602c897fb455a8,e125b9e1-616a-4c65-969d-6e650b6d38ac,9c87b063-34d6-43a4-87ff-4fb0881a2ea6,2026-09-05,-224.53,PAYPAL PAYOUT,c4a887e4e8d7632007072a480c63947374313c0cf37d13e471602c897fb455a8,PAYPAL PAYOUT,2b699161-319f-45f8-a54d-d9de32513cec,zaki_bank_test_150_transactions.csv,2026-08-09T03:04:53.205904+00:00,e125b9e1-616a-4c65-969d-6e650b6d38ac,38832e8e-fa0f-45a3-96ce-3cb6da270cbe,daa94c07-e040-4a68-9c2f-b7f1c57582c8,3b8c0820-6970-400f-a6ed-827890f4b74c,auto,2026-08-09T03:04:53.612+00:00,0.6,red,2026-08-09T03:07:40.582+00:00,38832e8e-fa0f-45a3-96ce-3cb6da270cbe,1cbecb1c-33ea-478d-b9b8-a1b394fb51e3,approved row bank amount -224.53 contradicts QB amount -2151.5; approved exact-amount survivor 1cbecb1c-33ea-478d-b9b8-a1b394fb51e3,,,,PENDING
8e50404c-5de4-472a-a61b-0103d22269c5,target,R3,2,unsupported_approved_claim,SUPERSEDE,f2cc253f-2f37-4a3b-9760-e97f06a3138a,2026-09-17,-3483.27,CLIENT PAYMENT INV-3016,2e24d4d5fef1d2ef850f7e1e5bb411b8758dea507a62057e8c7dad9faf5d831b,e125b9e1-616a-4c65-969d-6e650b6d38ac,c56ae285-dd8c-4507-a882-caf3c0b17e99,2026-09-21,-738.53,CLIENT PAYMENT INV-3015,cacc5bf5ef54b6b11ad524f3d65c206737af16d82fe9944ca285b38ebbd6e50a,CLIENT PAYMENT INV-3015,2b699161-319f-45f8-a54d-d9de32513cec,zaki_bank_test_150_transactions.csv,2026-08-09T03:04:53.205904+00:00,e125b9e1-616a-4c65-969d-6e650b6d38ac,38832e8e-fa0f-45a3-96ce-3cb6da270cbe,daa94c07-e040-4a68-9c2f-b7f1c57582c8,3b8c0820-6970-400f-a6ed-827890f4b74c,auto,2026-08-09T03:04:53.612+00:00,0.4,red,2026-08-09T03:07:54.941+00:00,38832e8e-fa0f-45a3-96ce-3cb6da270cbe,f89ca71a-8f9c-44cf-83c5-016797c08643,approved row bank amount -738.53 contradicts QB amount -3483.27; approved exact-amount survivor f89ca71a-8f9c-44cf-83c5-016797c08643,,,,PENDING
9137e05d-0dfe-4fd1-b4ac-8d50c9fa5c5c,target,R3,2,unsupported_approved_claim,SUPERSEDE,e3c6d202-c666-4e83-9e80-610bae824fcd,2026-09-02,1124.68,GOOGLE WORKSPACE,c3f6bcf802410fe377de9e52cc34a7fd6c4cde995f949d42420033abefeaae19,e125b9e1-616a-4c65-969d-6e650b6d38ac,63e662b1-903f-4f93-90e0-a85b05848e45,2026-09-04,1348.36,GOOGLE WORKSPACE,c3f6bcf802410fe377de9e52cc34a7fd6c4cde995f949d42420033abefeaae19,GOOGLE WORKSPACE,2b699161-319f-45f8-a54d-d9de32513cec,zaki_bank_test_150_transactions.csv,2026-08-09T03:04:53.205904+00:00,e125b9e1-616a-4c65-969d-6e650b6d38ac,38832e8e-fa0f-45a3-96ce-3cb6da270cbe,daa94c07-e040-4a68-9c2f-b7f1c57582c8,3b8c0820-6970-400f-a6ed-827890f4b74c,auto,2026-08-09T03:04:53.612+00:00,0.6,red,2026-08-09T03:07:40.582+00:00,38832e8e-fa0f-45a3-96ce-3cb6da270cbe,ce1b230c-7ae3-488b-b7c9-ca211393d9f2,approved row bank amount 1348.36 contradicts QB amount 1124.68; approved exact-amount survivor ce1b230c-7ae3-488b-b7c9-ca211393d9f2,,,,PENDING
9451aa88-8999-425c-abf6-fad8f274a864,target,R3,2,unsupported_approved_claim,SUPERSEDE,ba25ea99-6a99-48a2-9ee3-5973f24ba15f,2026-09-04,532.72,OFFICE DEPOT,3275864377542bd8883cb51767fd2c943ee93720f491075090e4d2d1b4db6de4,933cc6e0-27ea-4570-8a3b-41d1a8af9a13,019a1924-2b94-4474-b986-d953b8403009,2026-09-03,1154.54,OFFICE DEPOT,3275864377542bd8883cb51767fd2c943ee93720f491075090e4d2d1b4db6de4,OFFICE DEPOT,9768e13a-f660-42ec-9bce-58c1e13ef96c,zaki_bank_test_150_transactions.csv,2026-08-08T22:51:51.488188+00:00,933cc6e0-27ea-4570-8a3b-41d1a8af9a13,0042d6e0-86f5-4c2e-970e-a0c7ac04106a,47f6862a-19c4-4c66-9207-fc20fc3ec2f2,1c8b1bb2-1e2b-4d24-b141-e674ac840b6e,auto,2026-08-08T22:51:52.097+00:00,0.6,red,2026-08-08T22:55:57.498+00:00,0042d6e0-86f5-4c2e-970e-a0c7ac04106a,4546e658-3e82-4bfc-a848-1b0cdec85a5a,approved row bank amount 1154.54 contradicts QB amount 532.72; approved exact-amount survivor 4546e658-3e82-4bfc-a848-1b0cdec85a5a,,,,PENDING
9563b8b2-469e-4128-9d6f-63cb898cadc2,target,R3,2,unsupported_approved_claim,SUPERSEDE,46380a7e-408d-48e3-b2eb-dcc2655ab923,2026-09-11,-3301.39,CLIENT PAYMENT INV-3012,3776d648582b314dcf68dcc73d82f9911965bb984244cbd6eaf08f0aca4aa63e,e125b9e1-616a-4c65-969d-6e650b6d38ac,f6045ab8-c07a-4ba6-a6cd-9370eab34db4,2026-09-10,-2317.94,CLIENT PAYMENT INV-3008,0d1a3b997d44400805c9272e7706e888a25af703767ead96cba45453406c198a,CLIENT PAYMENT INV-3008,2b699161-319f-45f8-a54d-d9de32513cec,zaki_bank_test_150_transactions.csv,2026-08-09T03:04:53.205904+00:00,e125b9e1-616a-4c65-969d-6e650b6d38ac,38832e8e-fa0f-45a3-96ce-3cb6da270cbe,daa94c07-e040-4a68-9c2f-b7f1c57582c8,3b8c0820-6970-400f-a6ed-827890f4b74c,auto,2026-08-09T03:04:53.612+00:00,0.6,red,2026-08-09T03:07:54.941+00:00,38832e8e-fa0f-45a3-96ce-3cb6da270cbe,bd67506e-d5d0-493d-aaae-4d29c5f3b1e2,approved row bank amount -2317.94 contradicts QB amount -3301.39; approved exact-amount survivor bd67506e-d5d0-493d-aaae-4d29c5f3b1e2,,,,PENDING
95bdfb86-1b6c-4a7d-b266-b280766f6cd1,target,R3,2,unsupported_approved_claim,SUPERSEDE,2f0dd09c-3237-4f2f-8e59-19ce2c8c9f43,2026-09-10,1194.84,HMRC VAT PAYMENT,e4720f94beb86e1369e1bb706b045e5b2f63ec04fd68fe5392c4459b4e64d0ce,933cc6e0-27ea-4570-8a3b-41d1a8af9a13,9ae37ab5-3e29-4256-930f-31356c7c15d9,2026-09-12,1992.21,OFFICE DEPOT,3275864377542bd8883cb51767fd2c943ee93720f491075090e4d2d1b4db6de4,OFFICE DEPOT,9768e13a-f660-42ec-9bce-58c1e13ef96c,zaki_bank_test_150_transactions.csv,2026-08-08T22:51:51.488188+00:00,933cc6e0-27ea-4570-8a3b-41d1a8af9a13,0042d6e0-86f5-4c2e-970e-a0c7ac04106a,47f6862a-19c4-4c66-9207-fc20fc3ec2f2,1c8b1bb2-1e2b-4d24-b141-e674ac840b6e,auto,2026-08-08T22:51:52.097+00:00,0.35,red,2026-08-08T22:55:57.498+00:00,0042d6e0-86f5-4c2e-970e-a0c7ac04106a,355a5f69-0ed0-490d-b0ef-bb38daeb6d4e,approved row bank amount 1992.21 contradicts QB amount 1194.84; approved exact-amount survivor 355a5f69-0ed0-490d-b0ef-bb38daeb6d4e,,,,PENDING
9964ff1c-6e6b-4c2c-bb79-0fc25e205033,target,R3,2,unsupported_approved_claim,SUPERSEDE,d1768c54-d276-40a0-8d03-7ad6253a7006,2026-09-14,1858.55,MICROSOFT 365,1054cb307cd7f9019a0860035920cc725f32eb675bee25548ddf1f634c9dc8d5,e125b9e1-616a-4c65-969d-6e650b6d38ac,14e6e60d-6049-477d-b695-04ec09c35927,2026-09-14,1863.85,TRAINLINE,e1eaff0eb106c162aaa2b5b15fe915f5817a5855983217f5e3b5d5d5d9bfbf39,TRAINLINE,2b699161-319f-45f8-a54d-d9de32513cec,zaki_bank_test_150_transactions.csv,2026-08-09T03:04:53.205904+00:00,e125b9e1-616a-4c65-969d-6e650b6d38ac,38832e8e-fa0f-45a3-96ce-3cb6da270cbe,daa94c07-e040-4a68-9c2f-b7f1c57582c8,3b8c0820-6970-400f-a6ed-827890f4b74c,auto,2026-08-09T03:04:53.612+00:00,0.75,yellow,2026-08-09T03:07:40.582+00:00,38832e8e-fa0f-45a3-96ce-3cb6da270cbe,462852e6-bd0c-45a0-9d52-66e5a32f93ed,approved row bank amount 1863.85 contradicts QB amount 1858.55; approved exact-amount survivor 462852e6-bd0c-45a0-9d52-66e5a32f93ed,,,,PENDING
9aa9543b-1ef9-438e-801e-b98d9ac2648e,target,R3,2,unsupported_approved_claim,SUPERSEDE,e81ef973-84f7-44fe-aa4c-c577823ec15d,2026-09-05,-289.97,CLIENT PAYMENT INV-3007,b0dacb11da5a158e80e4e26626b0a2751b3a09df98f9041c1ef8a59326f6ca06,e125b9e1-616a-4c65-969d-6e650b6d38ac,29d2b2fd-c36c-4109-be7c-8c17c83247c0,2026-09-03,-1511.35,STRIPE PAYOUT,b1ba32ff6017633bf4a5f0b8cf094a15f87173e492fab6d5d965b6bd6d5941ec,STRIPE PAYOUT,2b699161-319f-45f8-a54d-d9de32513cec,zaki_bank_test_150_transactions.csv,2026-08-09T03:04:53.205904+00:00,e125b9e1-616a-4c65-969d-6e650b6d38ac,38832e8e-fa0f-45a3-96ce-3cb6da270cbe,daa94c07-e040-4a68-9c2f-b7f1c57582c8,3b8c0820-6970-400f-a6ed-827890f4b74c,auto,2026-08-09T03:04:53.612+00:00,0.35,red,2026-08-09T03:07:40.582+00:00,38832e8e-fa0f-45a3-96ce-3cb6da270cbe,b7627e13-03d4-4d9a-8328-f164f0bbe945,approved row bank amount -1511.35 contradicts QB amount -289.97; approved exact-amount survivor b7627e13-03d4-4d9a-8328-f164f0bbe945,,,,PENDING
9c9f9bde-632d-419f-a6e3-5c8066b93a84,target,R3,2,unsupported_approved_claim,SUPERSEDE,895c38df-41d0-443f-a3ce-fd9d4afe4f7b,2026-09-09,-2627.20,STRIPE PAYOUT,b1ba32ff6017633bf4a5f0b8cf094a15f87173e492fab6d5d965b6bd6d5941ec,e125b9e1-616a-4c65-969d-6e650b6d38ac,90435352-0f19-4646-a340-c580fc6dec72,2026-09-11,-1140.81,STRIPE PAYOUT,b1ba32ff6017633bf4a5f0b8cf094a15f87173e492fab6d5d965b6bd6d5941ec,STRIPE PAYOUT,2b699161-319f-45f8-a54d-d9de32513cec,zaki_bank_test_150_transactions.csv,2026-08-09T03:04:53.205904+00:00,e125b9e1-616a-4c65-969d-6e650b6d38ac,38832e8e-fa0f-45a3-96ce-3cb6da270cbe,daa94c07-e040-4a68-9c2f-b7f1c57582c8,3b8c0820-6970-400f-a6ed-827890f4b74c,auto,2026-08-09T03:04:53.612+00:00,0.6,red,2026-08-09T03:07:40.582+00:00,38832e8e-fa0f-45a3-96ce-3cb6da270cbe,3323bcea-d260-4435-b8ba-5a3354072cf5,approved row bank amount -1140.81 contradicts QB amount -2627.2; approved exact-amount survivor 3323bcea-d260-4435-b8ba-5a3354072cf5,,,,PENDING
9dcdd4c4-bfa2-4a00-8346-97349f6f3a0f,target,R3,2,unsupported_approved_claim,SUPERSEDE,2609af68-c759-48b4-9beb-1cd990fedef5,2026-09-08,-783.56,STRIPE PAYOUT,b1ba32ff6017633bf4a5f0b8cf094a15f87173e492fab6d5d965b6bd6d5941ec,933cc6e0-27ea-4570-8a3b-41d1a8af9a13,68abec3f-5e58-4dbf-b69a-29c082c8130e,2026-09-08,1325.43,STRIPE FEE,f0ba59aa7aa6663dd74593cd25e7adb8707b24f6f20908694a2a2c91c9b8a541,STRIPE FEE,9768e13a-f660-42ec-9bce-58c1e13ef96c,zaki_bank_test_150_transactions.csv,2026-08-08T22:51:51.488188+00:00,933cc6e0-27ea-4570-8a3b-41d1a8af9a13,0042d6e0-86f5-4c2e-970e-a0c7ac04106a,47f6862a-19c4-4c66-9207-fc20fc3ec2f2,1c8b1bb2-1e2b-4d24-b141-e674ac840b6e,auto,2026-08-08T22:51:52.097+00:00,0.45,red,2026-08-08T22:55:57.498+00:00,0042d6e0-86f5-4c2e-970e-a0c7ac04106a,ad873a98-cadf-4ed0-9f28-93f4189072d8,approved row bank amount 1325.43 contradicts QB amount -783.56; approved exact-amount survivor ad873a98-cadf-4ed0-9f28-93f4189072d8,,,,PENDING
9ea9b5ef-7390-4384-8d12-67b11b31187b,target,R3,2,unsupported_approved_claim,SUPERSEDE,0d2769e9-377e-4ae4-918b-f22e42106230,2026-09-08,461.95,GOOGLE WORKSPACE,c3f6bcf802410fe377de9e52cc34a7fd6c4cde995f949d42420033abefeaae19,e125b9e1-616a-4c65-969d-6e650b6d38ac,8579ebe2-e09f-4121-8524-4745f9761567,2026-09-06,1938.15,GOOGLE WORKSPACE,c3f6bcf802410fe377de9e52cc34a7fd6c4cde995f949d42420033abefeaae19,GOOGLE WORKSPACE,2b699161-319f-45f8-a54d-d9de32513cec,zaki_bank_test_150_transactions.csv,2026-08-09T03:04:53.205904+00:00,e125b9e1-616a-4c65-969d-6e650b6d38ac,38832e8e-fa0f-45a3-96ce-3cb6da270cbe,daa94c07-e040-4a68-9c2f-b7f1c57582c8,3b8c0820-6970-400f-a6ed-827890f4b74c,auto,2026-08-09T03:04:53.612+00:00,0.6,red,2026-08-09T03:07:40.582+00:00,38832e8e-fa0f-45a3-96ce-3cb6da270cbe,3b3f074b-ac31-4ac7-bd05-0f2b390eef68,approved row bank amount 1938.15 contradicts QB amount 461.95; approved exact-amount survivor 3b3f074b-ac31-4ac7-bd05-0f2b390eef68,,,,PENDING
9f1b000a-f963-4495-a8af-29aba57bb7dd,target,R3,2,unsupported_approved_claim,SUPERSEDE,1874775a-2148-48fa-89d6-eb020b86b693,2026-09-12,-3403.01,STRIPE PAYOUT,b1ba32ff6017633bf4a5f0b8cf094a15f87173e492fab6d5d965b6bd6d5941ec,e125b9e1-616a-4c65-969d-6e650b6d38ac,4640f43a-2145-4958-b72a-196f56af993a,2026-09-14,-448.23,STRIPE PAYOUT,b1ba32ff6017633bf4a5f0b8cf094a15f87173e492fab6d5d965b6bd6d5941ec,STRIPE PAYOUT,2b699161-319f-45f8-a54d-d9de32513cec,zaki_bank_test_150_transactions.csv,2026-08-09T03:04:53.205904+00:00,e125b9e1-616a-4c65-969d-6e650b6d38ac,38832e8e-fa0f-45a3-96ce-3cb6da270cbe,daa94c07-e040-4a68-9c2f-b7f1c57582c8,3b8c0820-6970-400f-a6ed-827890f4b74c,auto,2026-08-09T03:04:53.612+00:00,0.6,red,2026-08-09T03:07:40.582+00:00,38832e8e-fa0f-45a3-96ce-3cb6da270cbe,4cadfe9b-a262-4a50-a4a9-bd039f82217a,approved row bank amount -448.23 contradicts QB amount -3403.01; approved exact-amount survivor 4cadfe9b-a262-4a50-a4a9-bd039f82217a,,,,PENDING
a0ea6c5a-6627-4dd9-9431-a79566f21921,target,R3,2,unsupported_approved_claim,SUPERSEDE,04c1bde4-5d48-4223-8e22-6049b5b7961f,2026-09-01,178.44,STRIPE FEE,f0ba59aa7aa6663dd74593cd25e7adb8707b24f6f20908694a2a2c91c9b8a541,e125b9e1-616a-4c65-969d-6e650b6d38ac,18468453-cb8e-41c7-95ac-b44beaa1cde6,2026-09-01,-25000.00,Opening Balance,6690a1c6c19cf4787fca7c6d8fce532372faff27c7b7566be7a8a93ef49f7014,Opening Balance,ff103bc1-eda0-4d19-92be-094c006f220c,zaki_bank_reconciliation_test.csv,2026-08-10T06:25:15.634868+00:00,e125b9e1-616a-4c65-969d-6e650b6d38ac,38832e8e-fa0f-45a3-96ce-3cb6da270cbe,daa94c07-e040-4a68-9c2f-b7f1c57582c8,3b8c0820-6970-400f-a6ed-827890f4b74c,auto,2026-08-10T06:25:16.228+00:00,0.35,red,2026-08-10T06:26:23.446+00:00,38832e8e-fa0f-45a3-96ce-3cb6da270cbe,1e11eb23-95e6-48d4-98ea-37e29001c9a7,approved row bank amount -25000 contradicts QB amount 178.44; approved exact-amount survivor 1e11eb23-95e6-48d4-98ea-37e29001c9a7,,,,PENDING
a196f95a-37d6-4c66-bfa3-cc5b76eed39e,target,R3,2,unsupported_approved_claim,SUPERSEDE,33b62ce5-4cd4-4ccb-a336-18577f073969,2026-09-01,-403.61,CLIENT PAYMENT INV-3001,81a13a3baadec3c85229974f613ac10289d9e65a2640ffca1beb601538fd4293,e125b9e1-616a-4c65-969d-6e650b6d38ac,943a7c61-c994-47f3-85af-b9a5e4025cdb,2026-09-18,-404.64,CLIENT PAYMENT INV-3014,57cb7e7d23c884711d5cfbdbc6f8fe3c78e3c2b4b0b00979818ba26c4bd04fba,CLIENT PAYMENT INV-3014,2b699161-319f-45f8-a54d-d9de32513cec,zaki_bank_test_150_transactions.csv,2026-08-09T03:04:53.205904+00:00,e125b9e1-616a-4c65-969d-6e650b6d38ac,38832e8e-fa0f-45a3-96ce-3cb6da270cbe,daa94c07-e040-4a68-9c2f-b7f1c57582c8,3b8c0820-6970-400f-a6ed-827890f4b74c,auto,2026-08-09T03:04:53.612+00:00,0.65,red,2026-08-09T03:07:54.941+00:00,38832e8e-fa0f-45a3-96ce-3cb6da270cbe,dffdc20e-2e89-4a13-925c-2ffe9a5996b1,approved row bank amount -404.64 contradicts QB amount -403.61; approved exact-amount survivor dffdc20e-2e89-4a13-925c-2ffe9a5996b1,,,,PENDING
a2ce087d-e61f-47aa-be60-33f217a0dd94,target,R3,2,unsupported_approved_claim,SUPERSEDE,d6a8207f-f5bf-4d26-ab4e-9d6a7729ee2e,2026-09-04,-383.67,CLIENT PAYMENT INV-3005,0dc0c131f5f51af06bd1ef5f24ca427d175bc3d58723c30da9f6bf38598bf432,e125b9e1-616a-4c65-969d-6e650b6d38ac,4073ce41-8dca-491e-89a9-35020450583a,2026-09-05,-1505.49,CLIENT PAYMENT INV-3004,f45b8a681f8b9a98f41c4eb542a6ffddbbcd3ce2c86a38e0a724826a67634b48,CLIENT PAYMENT INV-3004,2b699161-319f-45f8-a54d-d9de32513cec,zaki_bank_test_150_transactions.csv,2026-08-09T03:04:53.205904+00:00,e125b9e1-616a-4c65-969d-6e650b6d38ac,38832e8e-fa0f-45a3-96ce-3cb6da270cbe,daa94c07-e040-4a68-9c2f-b7f1c57582c8,3b8c0820-6970-400f-a6ed-827890f4b74c,auto,2026-08-09T03:04:53.612+00:00,0.6,red,2026-08-09T03:07:54.941+00:00,38832e8e-fa0f-45a3-96ce-3cb6da270cbe,dd17156d-e239-4ecb-891c-491406b9c4d5,approved row bank amount -1505.49 contradicts QB amount -383.67; approved exact-amount survivor dd17156d-e239-4ecb-891c-491406b9c4d5,,,,PENDING
a5c31d20-6e4a-4d50-83ef-547c57dd5324,target,R3,2,unsupported_approved_claim,SUPERSEDE,e3c6d202-c666-4e83-9e80-610bae824fcd,2026-09-02,1124.68,GOOGLE WORKSPACE,c3f6bcf802410fe377de9e52cc34a7fd6c4cde995f949d42420033abefeaae19,e125b9e1-616a-4c65-969d-6e650b6d38ac,85388640-1f02-48d7-b497-80e53b01c54c,2026-09-04,-13.80,REFUND GOOGLE,f49cd5c8e3d553006f123684901fdeb8f976e43f3159b68e41f713e5c76cfe30,REFUND GOOGLE,ff103bc1-eda0-4d19-92be-094c006f220c,zaki_bank_reconciliation_test.csv,2026-08-10T06:25:15.634868+00:00,e125b9e1-616a-4c65-969d-6e650b6d38ac,38832e8e-fa0f-45a3-96ce-3cb6da270cbe,daa94c07-e040-4a68-9c2f-b7f1c57582c8,3b8c0820-6970-400f-a6ed-827890f4b74c,auto,2026-08-10T06:25:16.228+00:00,0.45,red,2026-08-10T06:26:24.675+00:00,38832e8e-fa0f-45a3-96ce-3cb6da270cbe,ce1b230c-7ae3-488b-b7c9-ca211393d9f2,approved row bank amount -13.8 contradicts QB amount 1124.68; approved exact-amount survivor ce1b230c-7ae3-488b-b7c9-ca211393d9f2,,,,PENDING
a6033380-a1de-4d6b-b919-03d56872e8d1,target,R3,2,unsupported_approved_claim,SUPERSEDE,9b2a6a73-b36a-47e3-aea8-1eaa430de362,2026-09-05,1771.48,OFFICE DEPOT,3275864377542bd8883cb51767fd2c943ee93720f491075090e4d2d1b4db6de4,e125b9e1-616a-4c65-969d-6e650b6d38ac,3fc4f982-2a6b-4b1d-8c08-82d995f1803e,2026-09-08,1472.80,OFFICE DEPOT,3275864377542bd8883cb51767fd2c943ee93720f491075090e4d2d1b4db6de4,OFFICE DEPOT,2b699161-319f-45f8-a54d-d9de32513cec,zaki_bank_test_150_transactions.csv,2026-08-09T03:04:53.205904+00:00,e125b9e1-616a-4c65-969d-6e650b6d38ac,38832e8e-fa0f-45a3-96ce-3cb6da270cbe,daa94c07-e040-4a68-9c2f-b7f1c57582c8,3b8c0820-6970-400f-a6ed-827890f4b74c,auto,2026-08-09T03:04:53.612+00:00,0.4,red,2026-08-09T03:07:40.582+00:00,38832e8e-fa0f-45a3-96ce-3cb6da270cbe,69fc1cdf-74d3-4626-aca0-8c966a151446,approved row bank amount 1472.8 contradicts QB amount 1771.48; approved exact-amount survivor 69fc1cdf-74d3-4626-aca0-8c966a151446,,,,PENDING
aa2d0411-6970-4232-a312-5941e049f809,target,R3,2,unsupported_approved_claim,SUPERSEDE,fe1949c9-e3f1-4f2d-9410-26c16940373b,2026-09-16,334.43,STRIPE FEE,f0ba59aa7aa6663dd74593cd25e7adb8707b24f6f20908694a2a2c91c9b8a541,933cc6e0-27ea-4570-8a3b-41d1a8af9a13,9a0021b8-bd53-41ae-a3fb-e46f92a2201c,2026-09-06,336.79,SHELL,ce635c4eabff5e4f56dba8fb1e39ca235530aa2b6b18533eef1af3862016c577,SHELL,9768e13a-f660-42ec-9bce-58c1e13ef96c,zaki_bank_test_150_transactions.csv,2026-08-08T22:51:51.488188+00:00,933cc6e0-27ea-4570-8a3b-41d1a8af9a13,0042d6e0-86f5-4c2e-970e-a0c7ac04106a,47f6862a-19c4-4c66-9207-fc20fc3ec2f2,1c8b1bb2-1e2b-4d24-b141-e674ac840b6e,auto,2026-08-08T22:51:52.097+00:00,0.4,red,2026-08-08T22:55:57.498+00:00,0042d6e0-86f5-4c2e-970e-a0c7ac04106a,33d94136-4c76-4289-ae3a-c92a003ea5d9,approved row bank amount 336.79 contradicts QB amount 334.43; approved exact-amount survivor 33d94136-4c76-4289-ae3a-c92a003ea5d9,,,,PENDING
ab108bc3-d916-4a21-9bec-7de2bb58cb6f,target,R3,2,unsupported_approved_claim,SUPERSEDE,b2892046-d2a2-41b3-bba1-c591f0b48277,2026-09-05,1771.48,OFFICE DEPOT,3275864377542bd8883cb51767fd2c943ee93720f491075090e4d2d1b4db6de4,933cc6e0-27ea-4570-8a3b-41d1a8af9a13,80976f99-fdb3-4e8f-9d12-4169ffbce804,2026-09-08,1472.80,OFFICE DEPOT,3275864377542bd8883cb51767fd2c943ee93720f491075090e4d2d1b4db6de4,OFFICE DEPOT,9768e13a-f660-42ec-9bce-58c1e13ef96c,zaki_bank_test_150_transactions.csv,2026-08-08T22:51:51.488188+00:00,933cc6e0-27ea-4570-8a3b-41d1a8af9a13,0042d6e0-86f5-4c2e-970e-a0c7ac04106a,47f6862a-19c4-4c66-9207-fc20fc3ec2f2,1c8b1bb2-1e2b-4d24-b141-e674ac840b6e,auto,2026-08-08T22:51:52.097+00:00,0.4,red,2026-08-08T22:55:57.498+00:00,0042d6e0-86f5-4c2e-970e-a0c7ac04106a,822c64e3-7020-49e3-bea3-3cdc92602cd9,approved row bank amount 1472.8 contradicts QB amount 1771.48; approved exact-amount survivor 822c64e3-7020-49e3-bea3-3cdc92602cd9,,,,PENDING
acac8a89-7d97-4a0e-ac2e-c686b9947f5d,target,R3,2,unsupported_approved_claim,SUPERSEDE,8a125983-8901-4614-a19a-abd7a4ff86a7,2026-09-04,-383.67,CLIENT PAYMENT INV-3005,0dc0c131f5f51af06bd1ef5f24ca427d175bc3d58723c30da9f6bf38598bf432,e125b9e1-616a-4c65-969d-6e650b6d38ac,b904afb2-e48d-49f1-97f9-65435e92b6c8,2026-09-03,-1454.36,CLIENT PAYMENT INV-3003,5820b82e12ab122f0b81f000ce8de87f19497966b1258f05396450c589916094,CLIENT PAYMENT INV-3003,2b699161-319f-45f8-a54d-d9de32513cec,zaki_bank_test_150_transactions.csv,2026-08-09T03:04:53.205904+00:00,e125b9e1-616a-4c65-969d-6e650b6d38ac,38832e8e-fa0f-45a3-96ce-3cb6da270cbe,daa94c07-e040-4a68-9c2f-b7f1c57582c8,3b8c0820-6970-400f-a6ed-827890f4b74c,auto,2026-08-09T03:04:53.612+00:00,0.6,red,2026-08-09T03:07:54.941+00:00,38832e8e-fa0f-45a3-96ce-3cb6da270cbe,f042257a-0d3e-40fe-bd45-ba4b9a6bb422,approved row bank amount -1454.36 contradicts QB amount -383.67; approved exact-amount survivor f042257a-0d3e-40fe-bd45-ba4b9a6bb422,,,,PENDING
b3647090-9616-4e93-9cda-a87580174739,target,R3,2,unsupported_approved_claim,SUPERSEDE,6787b4d6-c55d-454d-9309-134ef0b46177,2026-09-02,-804.30,CLIENT PAYMENT INV-3002,85497a91225efc910082861f4ac064d735de2ad5a4e8ac6d1644673d7b3a161d,933cc6e0-27ea-4570-8a3b-41d1a8af9a13,bf072e0b-9438-42c3-ab4f-39e875d35e4d,2026-09-01,-843.90,CLIENT PAYMENT INV-3001,81a13a3baadec3c85229974f613ac10289d9e65a2640ffca1beb601538fd4293,CLIENT PAYMENT INV-3001,9768e13a-f660-42ec-9bce-58c1e13ef96c,zaki_bank_test_150_transactions.csv,2026-08-08T22:51:51.488188+00:00,933cc6e0-27ea-4570-8a3b-41d1a8af9a13,0042d6e0-86f5-4c2e-970e-a0c7ac04106a,47f6862a-19c4-4c66-9207-fc20fc3ec2f2,1c8b1bb2-1e2b-4d24-b141-e674ac840b6e,auto,2026-08-08T22:51:52.097+00:00,0.6,red,2026-08-08T22:54:19.811+00:00,0042d6e0-86f5-4c2e-970e-a0c7ac04106a,2aeb2685-132e-4669-a7fa-8f474e6d7b05,approved row bank amount -843.9 contradicts QB amount -804.3; approved exact-amount survivor 2aeb2685-132e-4669-a7fa-8f474e6d7b05,,,,PENDING
b3d13a7e-0cf3-4dce-ab7e-8bb961da11a7,target,R3,2,unsupported_approved_claim,SUPERSEDE,027cdfa7-f24c-4e52-ab03-6b78490687a0,2026-09-04,-480.65,CLIENT PAYMENT INV-3006,851559b0e91b9e2ce5406a7ccda012f7959e883d7da6b553fe8300bde87e4493,e125b9e1-616a-4c65-969d-6e650b6d38ac,5bc87550-ce7f-43a4-92f2-20d90c23ad06,2026-09-05,-3235.27,CLIENT PAYMENT INV-3005,0dc0c131f5f51af06bd1ef5f24ca427d175bc3d58723c30da9f6bf38598bf432,CLIENT PAYMENT INV-3005,2b699161-319f-45f8-a54d-d9de32513cec,zaki_bank_test_150_transactions.csv,2026-08-09T03:04:53.205904+00:00,e125b9e1-616a-4c65-969d-6e650b6d38ac,38832e8e-fa0f-45a3-96ce-3cb6da270cbe,daa94c07-e040-4a68-9c2f-b7f1c57582c8,3b8c0820-6970-400f-a6ed-827890f4b74c,auto,2026-08-09T03:04:53.612+00:00,0.6,red,2026-08-09T03:07:54.941+00:00,38832e8e-fa0f-45a3-96ce-3cb6da270cbe,c3a2addf-4c52-406c-bcc4-f336d6f223f8,approved row bank amount -3235.27 contradicts QB amount -480.65; approved exact-amount survivor c3a2addf-4c52-406c-bcc4-f336d6f223f8,,,,PENDING
b4c34c29-02ca-406c-b163-74d4e5de903f,target,R3,2,unsupported_approved_claim,SUPERSEDE,3122e89c-af7f-4d7e-9291-08fba0cbabef,2026-09-13,309.91,SHELL,ce635c4eabff5e4f56dba8fb1e39ca235530aa2b6b18533eef1af3862016c577,933cc6e0-27ea-4570-8a3b-41d1a8af9a13,3f1f05c9-1246-4b73-b7e6-c3d7cf305727,2026-09-08,596.93,SHELL,ce635c4eabff5e4f56dba8fb1e39ca235530aa2b6b18533eef1af3862016c577,SHELL,9768e13a-f660-42ec-9bce-58c1e13ef96c,zaki_bank_test_150_transactions.csv,2026-08-08T22:51:51.488188+00:00,933cc6e0-27ea-4570-8a3b-41d1a8af9a13,0042d6e0-86f5-4c2e-970e-a0c7ac04106a,47f6862a-19c4-4c66-9207-fc20fc3ec2f2,1c8b1bb2-1e2b-4d24-b141-e674ac840b6e,auto,2026-08-08T22:51:52.097+00:00,0.4,red,2026-08-08T22:55:57.498+00:00,0042d6e0-86f5-4c2e-970e-a0c7ac04106a,a8dd9bcf-46e7-494a-8dca-1a68185060f7,approved row bank amount 596.93 contradicts QB amount 309.91; approved exact-amount survivor a8dd9bcf-46e7-494a-8dca-1a68185060f7,,,,PENDING
bcad5765-068c-4ab7-8969-f49d11308d9c,target,R3,2,unsupported_approved_claim,SUPERSEDE,9cd7fe81-9675-4c8f-b66b-c0c441ca4899,2026-09-02,841.94,STRIPE FEE,f0ba59aa7aa6663dd74593cd25e7adb8707b24f6f20908694a2a2c91c9b8a541,933cc6e0-27ea-4570-8a3b-41d1a8af9a13,1927fced-c64b-40f2-bc48-3bd3cdecc511,2026-09-07,848.90,TRAINLINE,e1eaff0eb106c162aaa2b5b15fe915f5817a5855983217f5e3b5d5d5d9bfbf39,TRAINLINE,9768e13a-f660-42ec-9bce-58c1e13ef96c,zaki_bank_test_150_transactions.csv,2026-08-08T22:51:51.488188+00:00,933cc6e0-27ea-4570-8a3b-41d1a8af9a13,0042d6e0-86f5-4c2e-970e-a0c7ac04106a,47f6862a-19c4-4c66-9207-fc20fc3ec2f2,1c8b1bb2-1e2b-4d24-b141-e674ac840b6e,auto,2026-08-08T22:51:52.097+00:00,0.55,red,2026-08-08T22:55:57.498+00:00,0042d6e0-86f5-4c2e-970e-a0c7ac04106a,e317cfa2-0be8-49b0-8eb0-21d279221977,approved row bank amount 848.9 contradicts QB amount 841.94; approved exact-amount survivor e317cfa2-0be8-49b0-8eb0-21d279221977,,,,PENDING
bcf2b21c-6fda-403d-a9a3-14f35ca91628,target,R3,2,unsupported_approved_claim,SUPERSEDE,7d3a9b86-f9ac-4a8e-8c42-87dfe180d142,2026-09-06,329.49,AMAZON WEB SERVICES,e286778b9c16222b1a789660bcf33f7b833fb1e44ae61064a95af9b614916774,e125b9e1-616a-4c65-969d-6e650b6d38ac,ee3178b5-b919-454c-a8be-79c0691b67fa,2026-09-11,1869.74,AMAZON WEB SERVICES,e286778b9c16222b1a789660bcf33f7b833fb1e44ae61064a95af9b614916774,AMAZON WEB SERVICES,2b699161-319f-45f8-a54d-d9de32513cec,zaki_bank_test_150_transactions.csv,2026-08-09T03:04:53.205904+00:00,e125b9e1-616a-4c65-969d-6e650b6d38ac,38832e8e-fa0f-45a3-96ce-3cb6da270cbe,daa94c07-e040-4a68-9c2f-b7f1c57582c8,3b8c0820-6970-400f-a6ed-827890f4b74c,auto,2026-08-09T03:04:53.612+00:00,0.4,red,2026-08-09T03:07:54.941+00:00,38832e8e-fa0f-45a3-96ce-3cb6da270cbe,88eb21b4-c009-41d7-a96c-71d0c80aae1c,approved row bank amount 1869.74 contradicts QB amount 329.49; approved exact-amount survivor 88eb21b4-c009-41d7-a96c-71d0c80aae1c,,,,PENDING
bcf33b82-766b-4043-90e1-511ae727d5a9,target,R3,2,unsupported_approved_claim,SUPERSEDE,230f061a-073b-4361-b576-6bee80d8b672,2026-09-13,1684.13,TRAINLINE,e1eaff0eb106c162aaa2b5b15fe915f5817a5855983217f5e3b5d5d5d9bfbf39,933cc6e0-27ea-4570-8a3b-41d1a8af9a13,d23934a4-60c3-4cf3-bfed-f860524e122c,2026-09-15,1013.29,TRAINLINE,e1eaff0eb106c162aaa2b5b15fe915f5817a5855983217f5e3b5d5d5d9bfbf39,TRAINLINE,9768e13a-f660-42ec-9bce-58c1e13ef96c,zaki_bank_test_150_transactions.csv,2026-08-08T22:51:51.488188+00:00,933cc6e0-27ea-4570-8a3b-41d1a8af9a13,0042d6e0-86f5-4c2e-970e-a0c7ac04106a,47f6862a-19c4-4c66-9207-fc20fc3ec2f2,1c8b1bb2-1e2b-4d24-b141-e674ac840b6e,auto,2026-08-08T22:51:52.097+00:00,0.6,red,2026-08-08T22:55:57.498+00:00,0042d6e0-86f5-4c2e-970e-a0c7ac04106a,4e9da3a2-a658-46cc-8026-7c9ac420524a,approved row bank amount 1013.29 contradicts QB amount 1684.13; approved exact-amount survivor 4e9da3a2-a658-46cc-8026-7c9ac420524a,,,,PENDING
c0371d04-7962-40ea-abbc-b5bf9c3bc036,target,R3,2,unsupported_approved_claim,SUPERSEDE,10af5fe3-d84d-40ea-8a8b-85ceb1c6b82e,2026-09-03,1397.79,ADOBE,ee9021c84f33366bde80b75efa132836e47afa18b9ce58e8077f4c25d039666c,e125b9e1-616a-4c65-969d-6e650b6d38ac,3d79a058-6440-4a32-b8b2-3322e1c63791,2026-09-01,1799.73,BANK CHARGES,e43588e5f91e89a8c86689a31a562411129c292d816231673b1f1dec238c5694,BANK CHARGES,2b699161-319f-45f8-a54d-d9de32513cec,zaki_bank_test_150_transactions.csv,2026-08-09T03:04:53.205904+00:00,e125b9e1-616a-4c65-969d-6e650b6d38ac,38832e8e-fa0f-45a3-96ce-3cb6da270cbe,daa94c07-e040-4a68-9c2f-b7f1c57582c8,3b8c0820-6970-400f-a6ed-827890f4b74c,auto,2026-08-09T03:04:53.612+00:00,0.35,red,2026-08-09T03:07:54.941+00:00,38832e8e-fa0f-45a3-96ce-3cb6da270cbe,ffc06ebe-aa80-4df8-b17b-50e1d54374e8,approved row bank amount 1799.73 contradicts QB amount 1397.79; approved exact-amount survivor ffc06ebe-aa80-4df8-b17b-50e1d54374e8,,,,PENDING
c179d215-ec29-4755-bd94-f5e75aa9694f,target,R3,2,unsupported_approved_claim,SUPERSEDE,e8027f5c-68dd-4004-b5a8-6af1ec9bf295,2026-09-13,1825.69,STRIPE FEE,f0ba59aa7aa6663dd74593cd25e7adb8707b24f6f20908694a2a2c91c9b8a541,933cc6e0-27ea-4570-8a3b-41d1a8af9a13,b35ffe95-30e4-440e-83a3-83ff2fd1a83b,2026-09-14,20.61,STRIPE FEE,f0ba59aa7aa6663dd74593cd25e7adb8707b24f6f20908694a2a2c91c9b8a541,STRIPE FEE,9768e13a-f660-42ec-9bce-58c1e13ef96c,zaki_bank_test_150_transactions.csv,2026-08-08T22:51:51.488188+00:00,933cc6e0-27ea-4570-8a3b-41d1a8af9a13,0042d6e0-86f5-4c2e-970e-a0c7ac04106a,47f6862a-19c4-4c66-9207-fc20fc3ec2f2,1c8b1bb2-1e2b-4d24-b141-e674ac840b6e,auto,2026-08-08T22:51:52.097+00:00,0.6,red,2026-08-08T22:55:57.498+00:00,0042d6e0-86f5-4c2e-970e-a0c7ac04106a,5952d43e-5ab9-45a7-8fc9-416ef62cb6a0,approved row bank amount 20.61 contradicts QB amount 1825.69; approved exact-amount survivor 5952d43e-5ab9-45a7-8fc9-416ef62cb6a0,,,,PENDING
c1c3240e-60de-49f7-ba7e-966564e01e0a,target,R3,2,unsupported_approved_claim,SUPERSEDE,e8ba237b-583a-4093-8cb0-32a7bf5cb08d,2026-09-08,461.95,GOOGLE WORKSPACE,c3f6bcf802410fe377de9e52cc34a7fd6c4cde995f949d42420033abefeaae19,933cc6e0-27ea-4570-8a3b-41d1a8af9a13,be2a9049-56b3-431c-93a7-4c1b86472bb5,2026-09-06,1938.15,GOOGLE WORKSPACE,c3f6bcf802410fe377de9e52cc34a7fd6c4cde995f949d42420033abefeaae19,GOOGLE WORKSPACE,9768e13a-f660-42ec-9bce-58c1e13ef96c,zaki_bank_test_150_transactions.csv,2026-08-08T22:51:51.488188+00:00,933cc6e0-27ea-4570-8a3b-41d1a8af9a13,0042d6e0-86f5-4c2e-970e-a0c7ac04106a,47f6862a-19c4-4c66-9207-fc20fc3ec2f2,1c8b1bb2-1e2b-4d24-b141-e674ac840b6e,auto,2026-08-08T22:51:52.097+00:00,0.6,red,2026-08-08T22:55:57.498+00:00,0042d6e0-86f5-4c2e-970e-a0c7ac04106a,3f728b6c-4bc2-4afa-ae46-4d41b9017613,approved row bank amount 1938.15 contradicts QB amount 461.95; approved exact-amount survivor 3f728b6c-4bc2-4afa-ae46-4d41b9017613,,,,PENDING
c27a442b-5246-469d-819f-fd5470a418b0,target,R3,2,unsupported_approved_claim,SUPERSEDE,62887099-5779-4e11-8c89-55ae432d289f,2026-09-16,334.43,STRIPE FEE,f0ba59aa7aa6663dd74593cd25e7adb8707b24f6f20908694a2a2c91c9b8a541,e125b9e1-616a-4c65-969d-6e650b6d38ac,29a42e8a-ac16-4e89-87c1-05ab4a541be6,2026-09-06,336.79,SHELL,ce635c4eabff5e4f56dba8fb1e39ca235530aa2b6b18533eef1af3862016c577,SHELL,2b699161-319f-45f8-a54d-d9de32513cec,zaki_bank_test_150_transactions.csv,2026-08-09T03:04:53.205904+00:00,e125b9e1-616a-4c65-969d-6e650b6d38ac,38832e8e-fa0f-45a3-96ce-3cb6da270cbe,daa94c07-e040-4a68-9c2f-b7f1c57582c8,3b8c0820-6970-400f-a6ed-827890f4b74c,auto,2026-08-09T03:04:53.612+00:00,0.4,red,2026-08-09T03:07:40.582+00:00,38832e8e-fa0f-45a3-96ce-3cb6da270cbe,e4eec865-9e57-47aa-aa20-a07e9f9ab7d0,approved row bank amount 336.79 contradicts QB amount 334.43; approved exact-amount survivor e4eec865-9e57-47aa-aa20-a07e9f9ab7d0,,,,PENDING
c2ee673f-3d21-40fe-bbfc-01bd391b905e,target,R3,2,unsupported_approved_claim,SUPERSEDE,9e4cba08-2ed0-49a1-b30c-8a5dbcf515ed,2026-09-07,-2411.92,PAYPAL PAYOUT,c4a887e4e8d7632007072a480c63947374313c0cf37d13e471602c897fb455a8,933cc6e0-27ea-4570-8a3b-41d1a8af9a13,b38babf4-37ba-4d2c-a61b-668f3111a0cb,2026-09-10,-2047.27,PAYPAL PAYOUT,c4a887e4e8d7632007072a480c63947374313c0cf37d13e471602c897fb455a8,PAYPAL PAYOUT,9768e13a-f660-42ec-9bce-58c1e13ef96c,zaki_bank_test_150_transactions.csv,2026-08-08T22:51:51.488188+00:00,933cc6e0-27ea-4570-8a3b-41d1a8af9a13,0042d6e0-86f5-4c2e-970e-a0c7ac04106a,47f6862a-19c4-4c66-9207-fc20fc3ec2f2,1c8b1bb2-1e2b-4d24-b141-e674ac840b6e,auto,2026-08-08T22:51:52.097+00:00,0.4,red,2026-08-08T22:55:57.498+00:00,0042d6e0-86f5-4c2e-970e-a0c7ac04106a,2edff1ef-9fe3-408f-8147-bc675e2a9140,approved row bank amount -2047.27 contradicts QB amount -2411.92; approved exact-amount survivor 2edff1ef-9fe3-408f-8147-bc675e2a9140,,,,PENDING
c9a729f3-84ce-4521-adbd-addba53b6449,target,R3,2,unsupported_approved_claim,SUPERSEDE,ccf900f8-7071-4943-8e6d-f1860ae17b96,2026-09-09,-2627.20,STRIPE PAYOUT,b1ba32ff6017633bf4a5f0b8cf094a15f87173e492fab6d5d965b6bd6d5941ec,933cc6e0-27ea-4570-8a3b-41d1a8af9a13,c8ba8096-ec6e-4aed-9367-faeeac6761d2,2026-09-11,-1140.81,STRIPE PAYOUT,b1ba32ff6017633bf4a5f0b8cf094a15f87173e492fab6d5d965b6bd6d5941ec,STRIPE PAYOUT,9768e13a-f660-42ec-9bce-58c1e13ef96c,zaki_bank_test_150_transactions.csv,2026-08-08T22:51:51.488188+00:00,933cc6e0-27ea-4570-8a3b-41d1a8af9a13,0042d6e0-86f5-4c2e-970e-a0c7ac04106a,47f6862a-19c4-4c66-9207-fc20fc3ec2f2,1c8b1bb2-1e2b-4d24-b141-e674ac840b6e,auto,2026-08-08T22:51:52.097+00:00,0.6,red,2026-08-08T22:55:57.498+00:00,0042d6e0-86f5-4c2e-970e-a0c7ac04106a,39f15f46-e6a8-4ef6-86d1-3c0a07181fb5,approved row bank amount -1140.81 contradicts QB amount -2627.2; approved exact-amount survivor 39f15f46-e6a8-4ef6-86d1-3c0a07181fb5,,,,PENDING
cd40de16-2e44-4b09-9023-bfc23a467a93,target,R3,2,unsupported_approved_claim,SUPERSEDE,7fe04dcf-940e-4e7f-8711-86323189c11d,2026-09-16,261.14,ADOBE,ee9021c84f33366bde80b75efa132836e47afa18b9ce58e8077f4c25d039666c,933cc6e0-27ea-4570-8a3b-41d1a8af9a13,2145ce45-7cc5-4e05-8984-f9de4ce9cab2,2026-09-17,1093.45,ADOBE,ee9021c84f33366bde80b75efa132836e47afa18b9ce58e8077f4c25d039666c,ADOBE,9768e13a-f660-42ec-9bce-58c1e13ef96c,zaki_bank_test_150_transactions.csv,2026-08-08T22:51:51.488188+00:00,933cc6e0-27ea-4570-8a3b-41d1a8af9a13,0042d6e0-86f5-4c2e-970e-a0c7ac04106a,47f6862a-19c4-4c66-9207-fc20fc3ec2f2,1c8b1bb2-1e2b-4d24-b141-e674ac840b6e,auto,2026-08-08T22:51:52.097+00:00,0.6,red,2026-08-08T22:55:57.498+00:00,0042d6e0-86f5-4c2e-970e-a0c7ac04106a,f3a0afbe-2e3d-4b2f-932c-26f0b78ded70,approved row bank amount 1093.45 contradicts QB amount 261.14; approved exact-amount survivor f3a0afbe-2e3d-4b2f-932c-26f0b78ded70,,,,PENDING
d38079e4-899e-478d-8c18-d0c8c6b1fd54,target,R3,2,unsupported_approved_claim,SUPERSEDE,0f3bf1ab-2a6a-4091-b846-5c1c9640e634,2026-09-06,763.35,MICROSOFT 365,1054cb307cd7f9019a0860035920cc725f32eb675bee25548ddf1f634c9dc8d5,e125b9e1-616a-4c65-969d-6e650b6d38ac,25df8ec9-00ce-452f-b796-e73f852270c1,2026-09-07,761.05,ADOBE,ee9021c84f33366bde80b75efa132836e47afa18b9ce58e8077f4c25d039666c,ADOBE,2b699161-319f-45f8-a54d-d9de32513cec,zaki_bank_test_150_transactions.csv,2026-08-09T03:04:53.205904+00:00,e125b9e1-616a-4c65-969d-6e650b6d38ac,38832e8e-fa0f-45a3-96ce-3cb6da270cbe,daa94c07-e040-4a68-9c2f-b7f1c57582c8,3b8c0820-6970-400f-a6ed-827890f4b74c,auto,2026-08-09T03:04:53.612+00:00,0.75,yellow,2026-08-09T03:07:40.582+00:00,38832e8e-fa0f-45a3-96ce-3cb6da270cbe,6676cf0b-d1a0-48d3-91c1-5a88ece28ffb,approved row bank amount 761.05 contradicts QB amount 763.35; approved exact-amount survivor 6676cf0b-d1a0-48d3-91c1-5a88ece28ffb,,,,PENDING
d640e6bb-dfde-498a-9c8a-858e601a870a,target,R5,2,synthetic_test_contamination_approved,SUPERSEDE,cd0a15ca-0aa5-408c-a943-59caf2ad8361,2026-07-16,-5.00,4FB-CANONICAL-TEST A,e3ac06de92a967b97af2412d78bac4ab5a0ea2a0522c815102ab8c71e088f71d,e125b9e1-616a-4c65-969d-6e650b6d38ac,98ef8fd7-02a0-4d19-8ca4-e6b66618cccf,2026-07-16,-5.00,4FB-CANONICAL-TEST A,e3ac06de92a967b97af2412d78bac4ab5a0ea2a0522c815102ab8c71e088f71d,4FB-CANONICAL-TEST A,e6a2b535-afd2-4ed2-9302-3a857db3d044,4fb-canonical-test.csv,2026-08-14T01:57:58.855156+00:00,e125b9e1-616a-4c65-969d-6e650b6d38ac,38832e8e-fa0f-45a3-96ce-3cb6da270cbe,daa94c07-e040-4a68-9c2f-b7f1c57582c8,3b8c0820-6970-400f-a6ed-827890f4b74c,auto,2026-08-14T01:58:00.85+00:00,1,green,2026-08-14T01:58:02.189+00:00,38832e8e-fa0f-45a3-96ce-3cb6da270cbe,,synthetic test QB row '4FB-CANONICAL-TEST A'; no live claim may remain on test data,,,,PENDING
d85a8a4d-0886-4b96-80a5-f7b11a1329e3,target,R3,2,unsupported_approved_claim,SUPERSEDE,59184cdc-e19c-4bbf-86c9-761dac12e135,2026-09-11,1365.01,MICROSOFT 365,1054cb307cd7f9019a0860035920cc725f32eb675bee25548ddf1f634c9dc8d5,e125b9e1-616a-4c65-969d-6e650b6d38ac,5deae1d9-ba7c-473e-ad37-8af31cbb9340,2026-09-09,1703.43,MICROSOFT 365,1054cb307cd7f9019a0860035920cc725f32eb675bee25548ddf1f634c9dc8d5,MICROSOFT 365,2b699161-319f-45f8-a54d-d9de32513cec,zaki_bank_test_150_transactions.csv,2026-08-09T03:04:53.205904+00:00,e125b9e1-616a-4c65-969d-6e650b6d38ac,38832e8e-fa0f-45a3-96ce-3cb6da270cbe,daa94c07-e040-4a68-9c2f-b7f1c57582c8,3b8c0820-6970-400f-a6ed-827890f4b74c,auto,2026-08-09T03:04:53.612+00:00,0.6,red,2026-08-09T03:07:40.582+00:00,38832e8e-fa0f-45a3-96ce-3cb6da270cbe,4f8083b3-bc11-4a2f-a1f2-011ae510e74e,approved row bank amount 1703.43 contradicts QB amount 1365.01; approved exact-amount survivor 4f8083b3-bc11-4a2f-a1f2-011ae510e74e,,,,PENDING
dbb87e13-4c93-4fca-a01d-6720732e986f,target,R3,2,unsupported_approved_claim,SUPERSEDE,409bdb27-d69d-42e8-86de-8a830ea99288,2026-09-10,-428.29,CLIENT PAYMENT INV-3010,fa49995867be7c7a7960b7217937c407f01705bab82b93147badaf2f0ef57d25,e125b9e1-616a-4c65-969d-6e650b6d38ac,8901866a-a499-4d96-9e3c-34c830ed65de,2026-09-09,-222.99,CLIENT PAYMENT INV-3006,851559b0e91b9e2ce5406a7ccda012f7959e883d7da6b553fe8300bde87e4493,CLIENT PAYMENT INV-3006,2b699161-319f-45f8-a54d-d9de32513cec,zaki_bank_test_150_transactions.csv,2026-08-09T03:04:53.205904+00:00,e125b9e1-616a-4c65-969d-6e650b6d38ac,38832e8e-fa0f-45a3-96ce-3cb6da270cbe,daa94c07-e040-4a68-9c2f-b7f1c57582c8,3b8c0820-6970-400f-a6ed-827890f4b74c,auto,2026-08-09T03:04:53.612+00:00,0.6,red,2026-08-09T03:07:54.941+00:00,38832e8e-fa0f-45a3-96ce-3cb6da270cbe,9cf419d2-2ae4-4d1a-b426-08287d859155,approved row bank amount -222.99 contradicts QB amount -428.29; approved exact-amount survivor 9cf419d2-2ae4-4d1a-b426-08287d859155,,,,PENDING
e02668e1-6bf2-433c-869f-e049ed0e4282,target,R3,2,unsupported_approved_claim,SUPERSEDE,b48714d3-0154-4b84-85eb-78f4f1217f19,2026-09-07,-1644.80,PAYPAL PAYOUT,c4a887e4e8d7632007072a480c63947374313c0cf37d13e471602c897fb455a8,933cc6e0-27ea-4570-8a3b-41d1a8af9a13,39fd961c-fb95-419e-b484-45beb2951490,2026-09-02,-1910.36,PAYPAL PAYOUT,c4a887e4e8d7632007072a480c63947374313c0cf37d13e471602c897fb455a8,PAYPAL PAYOUT,9768e13a-f660-42ec-9bce-58c1e13ef96c,zaki_bank_test_150_transactions.csv,2026-08-08T22:51:51.488188+00:00,933cc6e0-27ea-4570-8a3b-41d1a8af9a13,0042d6e0-86f5-4c2e-970e-a0c7ac04106a,47f6862a-19c4-4c66-9207-fc20fc3ec2f2,1c8b1bb2-1e2b-4d24-b141-e674ac840b6e,auto,2026-08-08T22:51:52.097+00:00,0.4,red,2026-08-08T22:55:57.498+00:00,0042d6e0-86f5-4c2e-970e-a0c7ac04106a,66e5eae1-d486-4e99-9da2-4651464c68f5,approved row bank amount -1910.36 contradicts QB amount -1644.8; approved exact-amount survivor 66e5eae1-d486-4e99-9da2-4651464c68f5,,,,PENDING
e4ad3f7a-d5a5-406d-8118-6ae0f4b90f2b,target,R3,2,unsupported_approved_claim,SUPERSEDE,0316a12a-8b5a-449e-b9ae-434ae107efb6,2026-09-06,1970.52,TRAINLINE,e1eaff0eb106c162aaa2b5b15fe915f5817a5855983217f5e3b5d5d5d9bfbf39,933cc6e0-27ea-4570-8a3b-41d1a8af9a13,5ec4362b-5587-4b18-816c-548f96c6e30a,2026-09-07,1853.40,TRAINLINE,e1eaff0eb106c162aaa2b5b15fe915f5817a5855983217f5e3b5d5d5d9bfbf39,TRAINLINE,9768e13a-f660-42ec-9bce-58c1e13ef96c,zaki_bank_test_150_transactions.csv,2026-08-08T22:51:51.488188+00:00,933cc6e0-27ea-4570-8a3b-41d1a8af9a13,0042d6e0-86f5-4c2e-970e-a0c7ac04106a,47f6862a-19c4-4c66-9207-fc20fc3ec2f2,1c8b1bb2-1e2b-4d24-b141-e674ac840b6e,auto,2026-08-08T22:51:52.097+00:00,0.6,red,2026-08-08T22:55:57.498+00:00,0042d6e0-86f5-4c2e-970e-a0c7ac04106a,bf2a20fd-4c9c-4b53-9b0a-c53fb8d4b957,approved row bank amount 1853.4 contradicts QB amount 1970.52; approved exact-amount survivor bf2a20fd-4c9c-4b53-9b0a-c53fb8d4b957,,,,PENDING
e6ea248c-9d9b-4f5a-904d-accfea6ce2c4,target,R3,2,unsupported_approved_claim,SUPERSEDE,69db24fb-a9e9-43df-b0c8-7e2867f883e8,2026-09-07,-1644.80,PAYPAL PAYOUT,c4a887e4e8d7632007072a480c63947374313c0cf37d13e471602c897fb455a8,e125b9e1-616a-4c65-969d-6e650b6d38ac,eed5a19f-c2fe-4d4d-acd5-0d1a04aceeb5,2026-09-02,-1910.36,PAYPAL PAYOUT,c4a887e4e8d7632007072a480c63947374313c0cf37d13e471602c897fb455a8,PAYPAL PAYOUT,2b699161-319f-45f8-a54d-d9de32513cec,zaki_bank_test_150_transactions.csv,2026-08-09T03:04:53.205904+00:00,e125b9e1-616a-4c65-969d-6e650b6d38ac,38832e8e-fa0f-45a3-96ce-3cb6da270cbe,daa94c07-e040-4a68-9c2f-b7f1c57582c8,3b8c0820-6970-400f-a6ed-827890f4b74c,auto,2026-08-09T03:04:53.612+00:00,0.4,red,2026-08-09T03:07:40.582+00:00,38832e8e-fa0f-45a3-96ce-3cb6da270cbe,744cc225-f1b9-47b5-ad0b-6f43fb80e15d,approved row bank amount -1910.36 contradicts QB amount -1644.8; approved exact-amount survivor 744cc225-f1b9-47b5-ad0b-6f43fb80e15d,,,,PENDING
e82e8c23-9a5b-4225-84d7-43d2afee1312,target,R3,2,unsupported_approved_claim,SUPERSEDE,6b46ee41-78e1-48f9-8cfe-3e441989bf23,2026-09-03,1397.79,ADOBE,ee9021c84f33366bde80b75efa132836e47afa18b9ce58e8077f4c25d039666c,933cc6e0-27ea-4570-8a3b-41d1a8af9a13,60b31ab4-db5c-4186-ad54-cfcaca3a0d77,2026-09-01,1799.73,BANK CHARGES,e43588e5f91e89a8c86689a31a562411129c292d816231673b1f1dec238c5694,BANK CHARGES,9768e13a-f660-42ec-9bce-58c1e13ef96c,zaki_bank_test_150_transactions.csv,2026-08-08T22:51:51.488188+00:00,933cc6e0-27ea-4570-8a3b-41d1a8af9a13,0042d6e0-86f5-4c2e-970e-a0c7ac04106a,47f6862a-19c4-4c66-9207-fc20fc3ec2f2,1c8b1bb2-1e2b-4d24-b141-e674ac840b6e,auto,2026-08-08T22:51:52.097+00:00,0.35,red,2026-08-08T22:55:30.741+00:00,0042d6e0-86f5-4c2e-970e-a0c7ac04106a,d026a7a2-1481-4959-9886-b29f538339fc,approved row bank amount 1799.73 contradicts QB amount 1397.79; approved exact-amount survivor d026a7a2-1481-4959-9886-b29f538339fc,,,,PENDING
f278d750-50d5-4c55-af4f-85be3cc936f3,target,R3,2,unsupported_approved_claim,SUPERSEDE,53531e72-8d4e-43cc-8f97-37056f27e6dc,2026-09-07,-2151.50,PAYPAL PAYOUT,c4a887e4e8d7632007072a480c63947374313c0cf37d13e471602c897fb455a8,e125b9e1-616a-4c65-969d-6e650b6d38ac,3e75bb2c-5b36-4eb8-b652-279d3e6d614f,2026-09-09,-499.99,UNKNOWN PAYMENT REF X91A,9704b8245700a99670c96cb5d6edb644ea900663d49c8f501fdd372001655993,UNKNOWN PAYMENT REF X91A,ff103bc1-eda0-4d19-92be-094c006f220c,zaki_bank_reconciliation_test.csv,2026-08-10T06:25:15.634868+00:00,e125b9e1-616a-4c65-969d-6e650b6d38ac,38832e8e-fa0f-45a3-96ce-3cb6da270cbe,daa94c07-e040-4a68-9c2f-b7f1c57582c8,3b8c0820-6970-400f-a6ed-827890f4b74c,auto,2026-08-10T06:25:16.228+00:00,0.35,red,2026-08-10T06:26:29.452+00:00,38832e8e-fa0f-45a3-96ce-3cb6da270cbe,1cbecb1c-33ea-478d-b9b8-a1b394fb51e3,approved row bank amount -499.99 contradicts QB amount -2151.5; approved exact-amount survivor 1cbecb1c-33ea-478d-b9b8-a1b394fb51e3,,,,PENDING
f329016d-938d-4ac6-9b95-ddfad74191f4,target,R3,2,unsupported_approved_claim,SUPERSEDE,acc80039-13e7-4445-abed-4cffb99110b9,2026-09-13,1825.69,STRIPE FEE,f0ba59aa7aa6663dd74593cd25e7adb8707b24f6f20908694a2a2c91c9b8a541,e125b9e1-616a-4c65-969d-6e650b6d38ac,1e0db784-1a93-45ca-ae65-f1738f57f3b1,2026-09-14,20.61,STRIPE FEE,f0ba59aa7aa6663dd74593cd25e7adb8707b24f6f20908694a2a2c91c9b8a541,STRIPE FEE,2b699161-319f-45f8-a54d-d9de32513cec,zaki_bank_test_150_transactions.csv,2026-08-09T03:04:53.205904+00:00,e125b9e1-616a-4c65-969d-6e650b6d38ac,38832e8e-fa0f-45a3-96ce-3cb6da270cbe,daa94c07-e040-4a68-9c2f-b7f1c57582c8,3b8c0820-6970-400f-a6ed-827890f4b74c,auto,2026-08-09T03:04:53.612+00:00,0.6,red,2026-08-09T03:07:40.582+00:00,38832e8e-fa0f-45a3-96ce-3cb6da270cbe,20d7643d-b5af-49f2-9171-ac11ee183a68,approved row bank amount 20.61 contradicts QB amount 1825.69; approved exact-amount survivor 20d7643d-b5af-49f2-9171-ac11ee183a68,,,,PENDING
f36fcbcc-033e-407c-973f-e1610b0c71f9,target,R3,2,unsupported_approved_claim,SUPERSEDE,8d8101ef-4047-42fd-8f93-3dfb130cfa1a,2026-09-07,-2411.92,PAYPAL PAYOUT,c4a887e4e8d7632007072a480c63947374313c0cf37d13e471602c897fb455a8,e125b9e1-616a-4c65-969d-6e650b6d38ac,a93896c9-ad52-4c62-b339-47b8e05f0938,2026-09-10,-2047.27,PAYPAL PAYOUT,c4a887e4e8d7632007072a480c63947374313c0cf37d13e471602c897fb455a8,PAYPAL PAYOUT,2b699161-319f-45f8-a54d-d9de32513cec,zaki_bank_test_150_transactions.csv,2026-08-09T03:04:53.205904+00:00,e125b9e1-616a-4c65-969d-6e650b6d38ac,38832e8e-fa0f-45a3-96ce-3cb6da270cbe,daa94c07-e040-4a68-9c2f-b7f1c57582c8,3b8c0820-6970-400f-a6ed-827890f4b74c,auto,2026-08-09T03:04:53.612+00:00,0.4,red,2026-08-09T03:07:40.582+00:00,38832e8e-fa0f-45a3-96ce-3cb6da270cbe,09702f47-722c-4428-a314-de020613d3e5,approved row bank amount -2047.27 contradicts QB amount -2411.92; approved exact-amount survivor 09702f47-722c-4428-a314-de020613d3e5,,,,PENDING
f3bafacb-5879-464d-b4e2-7daf244dbd83,target,R6,2,conflicting_approved_duplicate_evidence,SUPERSEDE,c6fb703b-cf70-4417-a4fd-c9a02906765b,2026-10-01,-48.72,REFUND AMAZON,4e1599e7d8046e4ec850afe761adf81abe542789adb5d7fabc00ec07859f10d4,933cc6e0-27ea-4570-8a3b-41d1a8af9a13,36ec3d9a-14ff-45e5-8877-fe2b577e667f,2026-10-01,-48.72,REFUND AMAZON,4e1599e7d8046e4ec850afe761adf81abe542789adb5d7fabc00ec07859f10d4,REFUND AMAZON,9768e13a-f660-42ec-9bce-58c1e13ef96c,zaki_bank_test_150_transactions.csv,2026-08-08T22:51:51.488188+00:00,933cc6e0-27ea-4570-8a3b-41d1a8af9a13,0042d6e0-86f5-4c2e-970e-a0c7ac04106a,47f6862a-19c4-4c66-9207-fc20fc3ec2f2,1c8b1bb2-1e2b-4d24-b141-e674ac840b6e,auto,2026-08-08T22:51:52.097+00:00,1,green,2026-08-08T22:55:52.367+00:00,0042d6e0-86f5-4c2e-970e-a0c7ac04106a,20acb11c-e862-41d6-ac5a-7b91ff038df0,identical-evidence approved pair on QB 'REFUND AMAZON'; proposal keeps 20acb11c-e862-41d6-ac5a-7b91ff038df0 (earliest statement upload) — HUMAN DECISION REQUIRED,,,,PENDING
f54fb288-ca9d-4f1e-94fa-3bb11e81b0c8,target,R3,2,unsupported_approved_claim,SUPERSEDE,d9a07f3c-3f1c-4bf0-82b8-8c2557cb27c8,2026-09-15,482.71,TRAINLINE,e1eaff0eb106c162aaa2b5b15fe915f5817a5855983217f5e3b5d5d5d9bfbf39,e125b9e1-616a-4c65-969d-6e650b6d38ac,4118b67e-05c3-4794-9c46-9883de84f450,2026-09-16,327.36,TRAINLINE,e1eaff0eb106c162aaa2b5b15fe915f5817a5855983217f5e3b5d5d5d9bfbf39,TRAINLINE,2b699161-319f-45f8-a54d-d9de32513cec,zaki_bank_test_150_transactions.csv,2026-08-09T03:04:53.205904+00:00,e125b9e1-616a-4c65-969d-6e650b6d38ac,38832e8e-fa0f-45a3-96ce-3cb6da270cbe,daa94c07-e040-4a68-9c2f-b7f1c57582c8,3b8c0820-6970-400f-a6ed-827890f4b74c,auto,2026-08-09T03:04:53.612+00:00,0.6,red,2026-08-09T03:07:40.582+00:00,38832e8e-fa0f-45a3-96ce-3cb6da270cbe,1d585c0d-aa0c-48f8-94b3-af0d57aa2173,approved row bank amount 327.36 contradicts QB amount 482.71; approved exact-amount survivor 1d585c0d-aa0c-48f8-94b3-af0d57aa2173,,,,PENDING
fa56dfb9-f051-4f5e-86fe-3e0d47525eae,target,R3,2,unsupported_approved_claim,SUPERSEDE,34108cb5-8e9a-4616-9eeb-5cf8818eb729,2026-09-08,-783.56,STRIPE PAYOUT,b1ba32ff6017633bf4a5f0b8cf094a15f87173e492fab6d5d965b6bd6d5941ec,e125b9e1-616a-4c65-969d-6e650b6d38ac,468a07dd-f695-4cd4-8b0d-52c49da77605,2026-09-08,1325.43,STRIPE FEE,f0ba59aa7aa6663dd74593cd25e7adb8707b24f6f20908694a2a2c91c9b8a541,STRIPE FEE,2b699161-319f-45f8-a54d-d9de32513cec,zaki_bank_test_150_transactions.csv,2026-08-09T03:04:53.205904+00:00,e125b9e1-616a-4c65-969d-6e650b6d38ac,38832e8e-fa0f-45a3-96ce-3cb6da270cbe,daa94c07-e040-4a68-9c2f-b7f1c57582c8,3b8c0820-6970-400f-a6ed-827890f4b74c,auto,2026-08-09T03:04:53.612+00:00,0.45,red,2026-08-09T03:07:40.582+00:00,38832e8e-fa0f-45a3-96ce-3cb6da270cbe,4a744e82-ecf2-4434-926f-f18af75136ac,approved row bank amount 1325.43 contradicts QB amount -783.56; approved exact-amount survivor 4a744e82-ecf2-4434-926f-f18af75136ac,,,,PENDING
ff4c8ca8-fe47-435d-92d9-7dc669356dc8,target,R3,2,unsupported_approved_claim,SUPERSEDE,87248275-7af1-48ae-9dcc-5cf089f49db3,2026-09-11,-1664.77,CLIENT PAYMENT INV-3011,d216e750c164970f9b22512542dad86d254787dd920e72618dbe5632c6890b50,e125b9e1-616a-4c65-969d-6e650b6d38ac,b4710210-5648-435f-b757-115883774700,2026-10-08,-1662.50,CLIENT PAYMENT INV-3029,8304e5cf97d26e3e7599765e4cbbd481c2793917ea22b441a10cbbf01862d735,CLIENT PAYMENT INV-3029,2b699161-319f-45f8-a54d-d9de32513cec,zaki_bank_test_150_transactions.csv,2026-08-09T03:04:53.205904+00:00,e125b9e1-616a-4c65-969d-6e650b6d38ac,38832e8e-fa0f-45a3-96ce-3cb6da270cbe,daa94c07-e040-4a68-9c2f-b7f1c57582c8,3b8c0820-6970-400f-a6ed-827890f4b74c,auto,2026-08-09T03:04:53.612+00:00,0.65,red,2026-08-09T03:07:54.941+00:00,38832e8e-fa0f-45a3-96ce-3cb6da270cbe,7e8df72b-80eb-49d3-a232-4c715ee95ce0,approved row bank amount -1662.5 contradicts QB amount -1664.77; approved exact-amount survivor 7e8df72b-80eb-49d3-a232-4c715ee95ce0,,,,PENDING
040a9f17-65b4-4a3e-9fcc-d2aed02b43b8,survivor_guard,R3,2,intended_survivor_guard,KEEP_LIVE_GUARD,3b9a5c97-9561-4511-977b-85c21c73e968,2026-09-15,1956.08,MICROSOFT 365,1054cb307cd7f9019a0860035920cc725f32eb675bee25548ddf1f634c9dc8d5,933cc6e0-27ea-4570-8a3b-41d1a8af9a13,576d9fb0-c4c6-4d0d-8598-057df6529c7a,2026-09-15,1956.08,MICROSOFT 365,1054cb307cd7f9019a0860035920cc725f32eb675bee25548ddf1f634c9dc8d5,MICROSOFT 365,46e7d008-0b9e-406c-a8b0-a7f328287603,zaki_bank_test_50_transactions.csv,2026-08-08T22:37:30.578877+00:00,933cc6e0-27ea-4570-8a3b-41d1a8af9a13,0042d6e0-86f5-4c2e-970e-a0c7ac04106a,47f6862a-19c4-4c66-9207-fc20fc3ec2f2,1c8b1bb2-1e2b-4d24-b141-e674ac840b6e,auto,2026-08-08T22:37:39.387+00:00,1,green,2026-08-08T22:38:25.034+00:00,0042d6e0-86f5-4c2e-970e-a0c7ac04106a,,approved row bank amount 1956.08 contradicts QB amount 1956.08; approved exact-amount survivor 040a9f17-65b4-4a3e-9fcc-d2aed02b43b8,,,,
0662a0d8-aec8-49a6-bc9c-595cc0a8ee41,survivor_guard,R3,2,intended_survivor_guard,KEEP_LIVE_GUARD,a939cff2-fe20-4f20-9fe1-aaec94a1638b,2026-09-07,-2151.50,PAYPAL PAYOUT,c4a887e4e8d7632007072a480c63947374313c0cf37d13e471602c897fb455a8,933cc6e0-27ea-4570-8a3b-41d1a8af9a13,15407e56-bccc-42fa-8d20-aae61eec9f6c,2026-09-07,-2151.50,PAYPAL PAYOUT,c4a887e4e8d7632007072a480c63947374313c0cf37d13e471602c897fb455a8,PAYPAL PAYOUT,46e7d008-0b9e-406c-a8b0-a7f328287603,zaki_bank_test_50_transactions.csv,2026-08-08T22:37:30.578877+00:00,933cc6e0-27ea-4570-8a3b-41d1a8af9a13,0042d6e0-86f5-4c2e-970e-a0c7ac04106a,47f6862a-19c4-4c66-9207-fc20fc3ec2f2,1c8b1bb2-1e2b-4d24-b141-e674ac840b6e,auto,2026-08-08T22:37:39.387+00:00,1,green,2026-08-08T22:38:25.034+00:00,0042d6e0-86f5-4c2e-970e-a0c7ac04106a,,approved row bank amount -2151.5 contradicts QB amount -2151.5; approved exact-amount survivor 0662a0d8-aec8-49a6-bc9c-595cc0a8ee41,,,,
066f2437-0444-4c92-8690-cf822fa247d9,survivor_guard,R3,2,intended_survivor_guard,KEEP_LIVE_GUARD,68982491-fd11-4863-83c2-f3eadb48e7ac,2026-09-15,-321.71,CLIENT PAYMENT INV-3014,57cb7e7d23c884711d5cfbdbc6f8fe3c78e3c2b4b0b00979818ba26c4bd04fba,e125b9e1-616a-4c65-969d-6e650b6d38ac,573655d4-fd69-4bf4-85b1-b3d07aa8d8c1,2026-09-15,-321.71,CLIENT PAYMENT INV-3014,57cb7e7d23c884711d5cfbdbc6f8fe3c78e3c2b4b0b00979818ba26c4bd04fba,CLIENT PAYMENT INV-3014,28f1a3c4-41da-4abf-8da6-ba295660886e,zaki_bank_test_50_transactions.csv,2026-08-09T03:03:34.745334+00:00,e125b9e1-616a-4c65-969d-6e650b6d38ac,38832e8e-fa0f-45a3-96ce-3cb6da270cbe,daa94c07-e040-4a68-9c2f-b7f1c57582c8,3b8c0820-6970-400f-a6ed-827890f4b74c,auto,2026-08-09T03:03:43.054+00:00,1,green,2026-08-09T03:04:09.183+00:00,38832e8e-fa0f-45a3-96ce-3cb6da270cbe,,approved row bank amount -321.71 contradicts QB amount -321.71; approved exact-amount survivor 066f2437-0444-4c92-8690-cf822fa247d9,,,,
09702f47-722c-4428-a314-de020613d3e5,survivor_guard,R3,2,intended_survivor_guard,KEEP_LIVE_GUARD,8d8101ef-4047-42fd-8f93-3dfb130cfa1a,2026-09-07,-2411.92,PAYPAL PAYOUT,c4a887e4e8d7632007072a480c63947374313c0cf37d13e471602c897fb455a8,e125b9e1-616a-4c65-969d-6e650b6d38ac,93995457-1551-4055-8cd7-3ff50e87590f,2026-09-07,-2411.92,PAYPAL PAYOUT,c4a887e4e8d7632007072a480c63947374313c0cf37d13e471602c897fb455a8,PAYPAL PAYOUT,28f1a3c4-41da-4abf-8da6-ba295660886e,zaki_bank_test_50_transactions.csv,2026-08-09T03:03:34.745334+00:00,e125b9e1-616a-4c65-969d-6e650b6d38ac,38832e8e-fa0f-45a3-96ce-3cb6da270cbe,daa94c07-e040-4a68-9c2f-b7f1c57582c8,3b8c0820-6970-400f-a6ed-827890f4b74c,auto,2026-08-09T03:03:43.054+00:00,1,green,2026-08-09T03:04:09.183+00:00,38832e8e-fa0f-45a3-96ce-3cb6da270cbe,,approved row bank amount -2411.92 contradicts QB amount -2411.92; approved exact-amount survivor 09702f47-722c-4428-a314-de020613d3e5,,,,
1a29e0ed-403c-4912-935a-de761c9f1a23,survivor_guard,R3,2,intended_survivor_guard,KEEP_LIVE_GUARD,cd90b49f-1350-4fd4-8066-7104b8c63dbf,2026-09-13,1684.13,TRAINLINE,e1eaff0eb106c162aaa2b5b15fe915f5817a5855983217f5e3b5d5d5d9bfbf39,e125b9e1-616a-4c65-969d-6e650b6d38ac,687aa4d0-c0f3-4cde-8ff9-b43c1210788e,2026-09-13,1684.13,TRAINLINE,e1eaff0eb106c162aaa2b5b15fe915f5817a5855983217f5e3b5d5d5d9bfbf39,TRAINLINE,28f1a3c4-41da-4abf-8da6-ba295660886e,zaki_bank_test_50_transactions.csv,2026-08-09T03:03:34.745334+00:00,e125b9e1-616a-4c65-969d-6e650b6d38ac,38832e8e-fa0f-45a3-96ce-3cb6da270cbe,daa94c07-e040-4a68-9c2f-b7f1c57582c8,3b8c0820-6970-400f-a6ed-827890f4b74c,auto,2026-08-09T03:03:43.054+00:00,1,green,2026-08-09T03:04:09.183+00:00,38832e8e-fa0f-45a3-96ce-3cb6da270cbe,,approved row bank amount 1684.13 contradicts QB amount 1684.13; approved exact-amount survivor 1a29e0ed-403c-4912-935a-de761c9f1a23,,,,
1abc6be2-5d16-4b36-831e-07610be555cc,survivor_guard,R3,2,intended_survivor_guard,KEEP_LIVE_GUARD,767abc0b-94fc-4d41-bf87-949448035478,2026-09-08,-973.71,CLIENT PAYMENT INV-3008,0d1a3b997d44400805c9272e7706e888a25af703767ead96cba45453406c198a,933cc6e0-27ea-4570-8a3b-41d1a8af9a13,4556018b-95b7-4cf7-a1c7-93e8154065a6,2026-09-08,-973.71,CLIENT PAYMENT INV-3008,0d1a3b997d44400805c9272e7706e888a25af703767ead96cba45453406c198a,CLIENT PAYMENT INV-3008,46e7d008-0b9e-406c-a8b0-a7f328287603,zaki_bank_test_50_transactions.csv,2026-08-08T22:37:30.578877+00:00,933cc6e0-27ea-4570-8a3b-41d1a8af9a13,0042d6e0-86f5-4c2e-970e-a0c7ac04106a,47f6862a-19c4-4c66-9207-fc20fc3ec2f2,1c8b1bb2-1e2b-4d24-b141-e674ac840b6e,auto,2026-08-08T22:37:39.387+00:00,1,green,2026-08-08T22:38:25.034+00:00,0042d6e0-86f5-4c2e-970e-a0c7ac04106a,,approved row bank amount -973.71 contradicts QB amount -973.71; approved exact-amount survivor 1abc6be2-5d16-4b36-831e-07610be555cc,,,,
1cbecb1c-33ea-478d-b9b8-a1b394fb51e3,survivor_guard,R3,2,intended_survivor_guard,KEEP_LIVE_GUARD,53531e72-8d4e-43cc-8f97-37056f27e6dc,2026-09-07,-2151.50,PAYPAL PAYOUT,c4a887e4e8d7632007072a480c63947374313c0cf37d13e471602c897fb455a8,e125b9e1-616a-4c65-969d-6e650b6d38ac,1a177046-4a63-438e-af46-959d7ddb3039,2026-09-07,-2151.50,PAYPAL PAYOUT,c4a887e4e8d7632007072a480c63947374313c0cf37d13e471602c897fb455a8,PAYPAL PAYOUT,28f1a3c4-41da-4abf-8da6-ba295660886e,zaki_bank_test_50_transactions.csv,2026-08-09T03:03:34.745334+00:00,e125b9e1-616a-4c65-969d-6e650b6d38ac,38832e8e-fa0f-45a3-96ce-3cb6da270cbe,daa94c07-e040-4a68-9c2f-b7f1c57582c8,3b8c0820-6970-400f-a6ed-827890f4b74c,auto,2026-08-09T03:03:43.054+00:00,1,green,2026-08-09T03:04:09.183+00:00,38832e8e-fa0f-45a3-96ce-3cb6da270cbe,,approved row bank amount -2151.5 contradicts QB amount -2151.5; approved exact-amount survivor 1cbecb1c-33ea-478d-b9b8-a1b394fb51e3,,,,
1d585c0d-aa0c-48f8-94b3-af0d57aa2173,survivor_guard,R3,2,intended_survivor_guard,KEEP_LIVE_GUARD,d9a07f3c-3f1c-4bf0-82b8-8c2557cb27c8,2026-09-15,482.71,TRAINLINE,e1eaff0eb106c162aaa2b5b15fe915f5817a5855983217f5e3b5d5d5d9bfbf39,e125b9e1-616a-4c65-969d-6e650b6d38ac,5798f297-2ce3-4ebe-923c-fbe624698083,2026-09-15,482.71,TRAINLINE,e1eaff0eb106c162aaa2b5b15fe915f5817a5855983217f5e3b5d5d5d9bfbf39,TRAINLINE,28f1a3c4-41da-4abf-8da6-ba295660886e,zaki_bank_test_50_transactions.csv,2026-08-09T03:03:34.745334+00:00,e125b9e1-616a-4c65-969d-6e650b6d38ac,38832e8e-fa0f-45a3-96ce-3cb6da270cbe,daa94c07-e040-4a68-9c2f-b7f1c57582c8,3b8c0820-6970-400f-a6ed-827890f4b74c,auto,2026-08-09T03:03:43.054+00:00,1,green,2026-08-09T03:04:09.183+00:00,38832e8e-fa0f-45a3-96ce-3cb6da270cbe,,approved row bank amount 482.71 contradicts QB amount 482.71; approved exact-amount survivor 1d585c0d-aa0c-48f8-94b3-af0d57aa2173,,,,
1dcae159-c1dc-40cf-a318-d430df63f18e,survivor_guard,R3,2,intended_survivor_guard,KEEP_LIVE_GUARD,4bc5c75e-91c5-4a70-807d-5caf105b72f7,2026-09-10,1194.84,HMRC VAT PAYMENT,e4720f94beb86e1369e1bb706b045e5b2f63ec04fd68fe5392c4459b4e64d0ce,e125b9e1-616a-4c65-969d-6e650b6d38ac,0a9bf8d5-34a4-4159-8064-2fbf1e1f107a,2026-09-10,1194.84,HMRC VAT PAYMENT,e4720f94beb86e1369e1bb706b045e5b2f63ec04fd68fe5392c4459b4e64d0ce,HMRC VAT PAYMENT,28f1a3c4-41da-4abf-8da6-ba295660886e,zaki_bank_test_50_transactions.csv,2026-08-09T03:03:34.745334+00:00,e125b9e1-616a-4c65-969d-6e650b6d38ac,38832e8e-fa0f-45a3-96ce-3cb6da270cbe,daa94c07-e040-4a68-9c2f-b7f1c57582c8,3b8c0820-6970-400f-a6ed-827890f4b74c,auto,2026-08-09T03:03:43.054+00:00,1,green,2026-08-09T03:04:09.183+00:00,38832e8e-fa0f-45a3-96ce-3cb6da270cbe,,approved row bank amount 1194.84 contradicts QB amount 1194.84; approved exact-amount survivor 1dcae159-c1dc-40cf-a318-d430df63f18e,,,,
1e11eb23-95e6-48d4-98ea-37e29001c9a7,survivor_guard,R3,2,intended_survivor_guard,KEEP_LIVE_GUARD,04c1bde4-5d48-4223-8e22-6049b5b7961f,2026-09-01,178.44,STRIPE FEE,f0ba59aa7aa6663dd74593cd25e7adb8707b24f6f20908694a2a2c91c9b8a541,e125b9e1-616a-4c65-969d-6e650b6d38ac,c6b379e6-ffd7-4aa5-9a69-fafdb7392f95,2026-09-01,178.44,STRIPE FEE,f0ba59aa7aa6663dd74593cd25e7adb8707b24f6f20908694a2a2c91c9b8a541,STRIPE FEE,28f1a3c4-41da-4abf-8da6-ba295660886e,zaki_bank_test_50_transactions.csv,2026-08-09T03:03:34.745334+00:00,e125b9e1-616a-4c65-969d-6e650b6d38ac,38832e8e-fa0f-45a3-96ce-3cb6da270cbe,daa94c07-e040-4a68-9c2f-b7f1c57582c8,3b8c0820-6970-400f-a6ed-827890f4b74c,auto,2026-08-09T03:03:43.054+00:00,1,green,2026-08-09T03:04:09.183+00:00,38832e8e-fa0f-45a3-96ce-3cb6da270cbe,,approved row bank amount 178.44 contradicts QB amount 178.44; approved exact-amount survivor 1e11eb23-95e6-48d4-98ea-37e29001c9a7,,,,
20acb11c-e862-41d6-ac5a-7b91ff038df0,survivor_guard,R6,2,intended_survivor_guard,KEEP_LIVE_GUARD,c6fb703b-cf70-4417-a4fd-c9a02906765b,2026-10-01,-48.72,REFUND AMAZON,4e1599e7d8046e4ec850afe761adf81abe542789adb5d7fabc00ec07859f10d4,933cc6e0-27ea-4570-8a3b-41d1a8af9a13,3d59dae7-38c5-4ce6-8e8b-d71a2e0ca82e,2026-10-01,-48.72,REFUND AMAZON,4e1599e7d8046e4ec850afe761adf81abe542789adb5d7fabc00ec07859f10d4,REFUND AMAZON,46e7d008-0b9e-406c-a8b0-a7f328287603,zaki_bank_test_50_transactions.csv,2026-08-08T22:37:30.578877+00:00,933cc6e0-27ea-4570-8a3b-41d1a8af9a13,0042d6e0-86f5-4c2e-970e-a0c7ac04106a,47f6862a-19c4-4c66-9207-fc20fc3ec2f2,1c8b1bb2-1e2b-4d24-b141-e674ac840b6e,auto,2026-08-08T22:37:39.387+00:00,1,green,2026-08-08T22:38:25.034+00:00,0042d6e0-86f5-4c2e-970e-a0c7ac04106a,,identical-evidence approved pair on QB 'REFUND AMAZON'; proposal keeps 20acb11c-e862-41d6-ac5a-7b91ff038df0 (earliest statement upload) — HUMAN DECISION REQUIRED,,,,
20d7643d-b5af-49f2-9171-ac11ee183a68,survivor_guard,R3,2,intended_survivor_guard,KEEP_LIVE_GUARD,acc80039-13e7-4445-abed-4cffb99110b9,2026-09-13,1825.69,STRIPE FEE,f0ba59aa7aa6663dd74593cd25e7adb8707b24f6f20908694a2a2c91c9b8a541,e125b9e1-616a-4c65-969d-6e650b6d38ac,3be756a2-c309-4acd-ab18-f546a3a87b47,2026-09-13,1825.69,STRIPE FEE,f0ba59aa7aa6663dd74593cd25e7adb8707b24f6f20908694a2a2c91c9b8a541,STRIPE FEE,28f1a3c4-41da-4abf-8da6-ba295660886e,zaki_bank_test_50_transactions.csv,2026-08-09T03:03:34.745334+00:00,e125b9e1-616a-4c65-969d-6e650b6d38ac,38832e8e-fa0f-45a3-96ce-3cb6da270cbe,daa94c07-e040-4a68-9c2f-b7f1c57582c8,3b8c0820-6970-400f-a6ed-827890f4b74c,auto,2026-08-09T03:03:43.054+00:00,1,green,2026-08-09T03:04:09.183+00:00,38832e8e-fa0f-45a3-96ce-3cb6da270cbe,,approved row bank amount 1825.69 contradicts QB amount 1825.69; approved exact-amount survivor 20d7643d-b5af-49f2-9171-ac11ee183a68,,,,
2aeb2685-132e-4669-a7fa-8f474e6d7b05,survivor_guard,R3,2,intended_survivor_guard,KEEP_LIVE_GUARD,6787b4d6-c55d-454d-9309-134ef0b46177,2026-09-02,-804.30,CLIENT PAYMENT INV-3002,85497a91225efc910082861f4ac064d735de2ad5a4e8ac6d1644673d7b3a161d,933cc6e0-27ea-4570-8a3b-41d1a8af9a13,6bc14787-8d3d-4ac8-a56b-9e85f4526aeb,2026-09-02,-804.30,CLIENT PAYMENT INV-3002,85497a91225efc910082861f4ac064d735de2ad5a4e8ac6d1644673d7b3a161d,CLIENT PAYMENT INV-3002,46e7d008-0b9e-406c-a8b0-a7f328287603,zaki_bank_test_50_transactions.csv,2026-08-08T22:37:30.578877+00:00,933cc6e0-27ea-4570-8a3b-41d1a8af9a13,0042d6e0-86f5-4c2e-970e-a0c7ac04106a,47f6862a-19c4-4c66-9207-fc20fc3ec2f2,1c8b1bb2-1e2b-4d24-b141-e674ac840b6e,auto,2026-08-08T22:37:39.387+00:00,1,green,2026-08-08T22:38:25.034+00:00,0042d6e0-86f5-4c2e-970e-a0c7ac04106a,,approved row bank amount -804.3 contradicts QB amount -804.3; approved exact-amount survivor 2aeb2685-132e-4669-a7fa-8f474e6d7b05,,,,
2bbdb756-ea52-4682-a56a-8c849bd59b09,survivor_guard,R3,2,intended_survivor_guard,KEEP_LIVE_GUARD,e6198519-6244-46a1-af05-e4dd83c5979f,2026-09-03,-3352.39,CLIENT PAYMENT INV-3004,f45b8a681f8b9a98f41c4eb542a6ffddbbcd3ce2c86a38e0a724826a67634b48,933cc6e0-27ea-4570-8a3b-41d1a8af9a13,c8059c3f-14be-4d09-9119-b4067454eb25,2026-09-03,-3352.39,CLIENT PAYMENT INV-3004,f45b8a681f8b9a98f41c4eb542a6ffddbbcd3ce2c86a38e0a724826a67634b48,CLIENT PAYMENT INV-3004,46e7d008-0b9e-406c-a8b0-a7f328287603,zaki_bank_test_50_transactions.csv,2026-08-08T22:37:30.578877+00:00,933cc6e0-27ea-4570-8a3b-41d1a8af9a13,0042d6e0-86f5-4c2e-970e-a0c7ac04106a,47f6862a-19c4-4c66-9207-fc20fc3ec2f2,1c8b1bb2-1e2b-4d24-b141-e674ac840b6e,auto,2026-08-08T22:37:39.387+00:00,1,green,2026-08-08T22:38:25.034+00:00,0042d6e0-86f5-4c2e-970e-a0c7ac04106a,,approved row bank amount -3352.39 contradicts QB amount -3352.39; approved exact-amount survivor 2bbdb756-ea52-4682-a56a-8c849bd59b09,,,,
2e2ed5d2-0d6a-4a6d-93aa-be5e39046630,survivor_guard,R3,2,intended_survivor_guard,KEEP_LIVE_GUARD,3939c995-5169-4e3b-83ed-7a13dcf4d79f,2026-09-16,849.16,OFFICE DEPOT,3275864377542bd8883cb51767fd2c943ee93720f491075090e4d2d1b4db6de4,e125b9e1-616a-4c65-969d-6e650b6d38ac,854f0065-3e2e-4734-b3c4-344c9f13606f,2026-09-16,849.16,OFFICE DEPOT,3275864377542bd8883cb51767fd2c943ee93720f491075090e4d2d1b4db6de4,OFFICE DEPOT,28f1a3c4-41da-4abf-8da6-ba295660886e,zaki_bank_test_50_transactions.csv,2026-08-09T03:03:34.745334+00:00,e125b9e1-616a-4c65-969d-6e650b6d38ac,38832e8e-fa0f-45a3-96ce-3cb6da270cbe,daa94c07-e040-4a68-9c2f-b7f1c57582c8,3b8c0820-6970-400f-a6ed-827890f4b74c,auto,2026-08-09T03:03:43.054+00:00,1,green,2026-08-09T03:04:09.183+00:00,38832e8e-fa0f-45a3-96ce-3cb6da270cbe,,approved row bank amount 849.16 contradicts QB amount 849.16; approved exact-amount survivor 2e2ed5d2-0d6a-4a6d-93aa-be5e39046630,,,,
2edff1ef-9fe3-408f-8147-bc675e2a9140,survivor_guard,R3,2,intended_survivor_guard,KEEP_LIVE_GUARD,9e4cba08-2ed0-49a1-b30c-8a5dbcf515ed,2026-09-07,-2411.92,PAYPAL PAYOUT,c4a887e4e8d7632007072a480c63947374313c0cf37d13e471602c897fb455a8,933cc6e0-27ea-4570-8a3b-41d1a8af9a13,f8d276a8-43e2-4dd1-af56-006370907e22,2026-09-07,-2411.92,PAYPAL PAYOUT,c4a887e4e8d7632007072a480c63947374313c0cf37d13e471602c897fb455a8,PAYPAL PAYOUT,46e7d008-0b9e-406c-a8b0-a7f328287603,zaki_bank_test_50_transactions.csv,2026-08-08T22:37:30.578877+00:00,933cc6e0-27ea-4570-8a3b-41d1a8af9a13,0042d6e0-86f5-4c2e-970e-a0c7ac04106a,47f6862a-19c4-4c66-9207-fc20fc3ec2f2,1c8b1bb2-1e2b-4d24-b141-e674ac840b6e,auto,2026-08-08T22:37:39.387+00:00,1,green,2026-08-08T22:38:25.034+00:00,0042d6e0-86f5-4c2e-970e-a0c7ac04106a,,approved row bank amount -2411.92 contradicts QB amount -2411.92; approved exact-amount survivor 2edff1ef-9fe3-408f-8147-bc675e2a9140,,,,
3092c442-1504-46ff-8b9f-c3479e691f9a,survivor_guard,R3,2,intended_survivor_guard,KEEP_LIVE_GUARD,0848b035-180f-405a-a9d9-cfc22dfdfddb,2026-09-05,-289.97,CLIENT PAYMENT INV-3007,b0dacb11da5a158e80e4e26626b0a2751b3a09df98f9041c1ef8a59326f6ca06,933cc6e0-27ea-4570-8a3b-41d1a8af9a13,3fb375c6-76ad-4b4d-b3d7-1ec4462637a2,2026-09-05,-289.97,CLIENT PAYMENT INV-3007,b0dacb11da5a158e80e4e26626b0a2751b3a09df98f9041c1ef8a59326f6ca06,CLIENT PAYMENT INV-3007,46e7d008-0b9e-406c-a8b0-a7f328287603,zaki_bank_test_50_transactions.csv,2026-08-08T22:37:30.578877+00:00,933cc6e0-27ea-4570-8a3b-41d1a8af9a13,0042d6e0-86f5-4c2e-970e-a0c7ac04106a,47f6862a-19c4-4c66-9207-fc20fc3ec2f2,1c8b1bb2-1e2b-4d24-b141-e674ac840b6e,auto,2026-08-08T22:37:39.387+00:00,1,green,2026-08-08T22:38:25.034+00:00,0042d6e0-86f5-4c2e-970e-a0c7ac04106a,,approved row bank amount -289.97 contradicts QB amount -289.97; approved exact-amount survivor 3092c442-1504-46ff-8b9f-c3479e691f9a,,,,
3323bcea-d260-4435-b8ba-5a3354072cf5,survivor_guard,R3,2,intended_survivor_guard,KEEP_LIVE_GUARD,895c38df-41d0-443f-a3ce-fd9d4afe4f7b,2026-09-09,-2627.20,STRIPE PAYOUT,b1ba32ff6017633bf4a5f0b8cf094a15f87173e492fab6d5d965b6bd6d5941ec,e125b9e1-616a-4c65-969d-6e650b6d38ac,eaa9c5e2-e557-424b-b45f-b8ac55433e3a,2026-09-09,-2627.20,STRIPE PAYOUT,b1ba32ff6017633bf4a5f0b8cf094a15f87173e492fab6d5d965b6bd6d5941ec,STRIPE PAYOUT,28f1a3c4-41da-4abf-8da6-ba295660886e,zaki_bank_test_50_transactions.csv,2026-08-09T03:03:34.745334+00:00,e125b9e1-616a-4c65-969d-6e650b6d38ac,38832e8e-fa0f-45a3-96ce-3cb6da270cbe,daa94c07-e040-4a68-9c2f-b7f1c57582c8,3b8c0820-6970-400f-a6ed-827890f4b74c,auto,2026-08-09T03:03:43.054+00:00,1,green,2026-08-09T03:04:09.183+00:00,38832e8e-fa0f-45a3-96ce-3cb6da270cbe,,approved row bank amount -2627.2 contradicts QB amount -2627.2; approved exact-amount survivor 3323bcea-d260-4435-b8ba-5a3354072cf5,,,,
33d94136-4c76-4289-ae3a-c92a003ea5d9,survivor_guard,R3,2,intended_survivor_guard,KEEP_LIVE_GUARD,fe1949c9-e3f1-4f2d-9410-26c16940373b,2026-09-16,334.43,STRIPE FEE,f0ba59aa7aa6663dd74593cd25e7adb8707b24f6f20908694a2a2c91c9b8a541,933cc6e0-27ea-4570-8a3b-41d1a8af9a13,f25f117b-3f03-4181-b8dd-faa444887b20,2026-09-16,334.43,STRIPE FEE,f0ba59aa7aa6663dd74593cd25e7adb8707b24f6f20908694a2a2c91c9b8a541,STRIPE FEE,46e7d008-0b9e-406c-a8b0-a7f328287603,zaki_bank_test_50_transactions.csv,2026-08-08T22:37:30.578877+00:00,933cc6e0-27ea-4570-8a3b-41d1a8af9a13,0042d6e0-86f5-4c2e-970e-a0c7ac04106a,47f6862a-19c4-4c66-9207-fc20fc3ec2f2,1c8b1bb2-1e2b-4d24-b141-e674ac840b6e,auto,2026-08-08T22:37:39.387+00:00,1,green,2026-08-08T22:38:25.034+00:00,0042d6e0-86f5-4c2e-970e-a0c7ac04106a,,approved row bank amount 334.43 contradicts QB amount 334.43; approved exact-amount survivor 33d94136-4c76-4289-ae3a-c92a003ea5d9,,,,
355a5f69-0ed0-490d-b0ef-bb38daeb6d4e,survivor_guard,R3,2,intended_survivor_guard,KEEP_LIVE_GUARD,2f0dd09c-3237-4f2f-8e59-19ce2c8c9f43,2026-09-10,1194.84,HMRC VAT PAYMENT,e4720f94beb86e1369e1bb706b045e5b2f63ec04fd68fe5392c4459b4e64d0ce,933cc6e0-27ea-4570-8a3b-41d1a8af9a13,f0b88ff9-53cd-41b1-ba9a-48e9aa768eec,2026-09-10,1194.84,HMRC VAT PAYMENT,e4720f94beb86e1369e1bb706b045e5b2f63ec04fd68fe5392c4459b4e64d0ce,HMRC VAT PAYMENT,46e7d008-0b9e-406c-a8b0-a7f328287603,zaki_bank_test_50_transactions.csv,2026-08-08T22:37:30.578877+00:00,933cc6e0-27ea-4570-8a3b-41d1a8af9a13,0042d6e0-86f5-4c2e-970e-a0c7ac04106a,47f6862a-19c4-4c66-9207-fc20fc3ec2f2,1c8b1bb2-1e2b-4d24-b141-e674ac840b6e,auto,2026-08-08T22:37:39.387+00:00,1,green,2026-08-08T22:38:25.034+00:00,0042d6e0-86f5-4c2e-970e-a0c7ac04106a,,approved row bank amount 1194.84 contradicts QB amount 1194.84; approved exact-amount survivor 355a5f69-0ed0-490d-b0ef-bb38daeb6d4e,,,,
39f15f46-e6a8-4ef6-86d1-3c0a07181fb5,survivor_guard,R3,2,intended_survivor_guard,KEEP_LIVE_GUARD,ccf900f8-7071-4943-8e6d-f1860ae17b96,2026-09-09,-2627.20,STRIPE PAYOUT,b1ba32ff6017633bf4a5f0b8cf094a15f87173e492fab6d5d965b6bd6d5941ec,933cc6e0-27ea-4570-8a3b-41d1a8af9a13,8adce226-907e-4751-b3f4-eae4a535530a,2026-09-09,-2627.20,STRIPE PAYOUT,b1ba32ff6017633bf4a5f0b8cf094a15f87173e492fab6d5d965b6bd6d5941ec,STRIPE PAYOUT,46e7d008-0b9e-406c-a8b0-a7f328287603,zaki_bank_test_50_transactions.csv,2026-08-08T22:37:30.578877+00:00,933cc6e0-27ea-4570-8a3b-41d1a8af9a13,0042d6e0-86f5-4c2e-970e-a0c7ac04106a,47f6862a-19c4-4c66-9207-fc20fc3ec2f2,1c8b1bb2-1e2b-4d24-b141-e674ac840b6e,auto,2026-08-08T22:37:39.387+00:00,1,green,2026-08-08T22:38:25.034+00:00,0042d6e0-86f5-4c2e-970e-a0c7ac04106a,,approved row bank amount -2627.2 contradicts QB amount -2627.2; approved exact-amount survivor 39f15f46-e6a8-4ef6-86d1-3c0a07181fb5,,,,
3b3f074b-ac31-4ac7-bd05-0f2b390eef68,survivor_guard,R3,2,intended_survivor_guard,KEEP_LIVE_GUARD,0d2769e9-377e-4ae4-918b-f22e42106230,2026-09-08,461.95,GOOGLE WORKSPACE,c3f6bcf802410fe377de9e52cc34a7fd6c4cde995f949d42420033abefeaae19,e125b9e1-616a-4c65-969d-6e650b6d38ac,17fff802-915e-4e7a-96e3-c8bf4b06384a,2026-09-08,461.95,GOOGLE WORKSPACE,c3f6bcf802410fe377de9e52cc34a7fd6c4cde995f949d42420033abefeaae19,GOOGLE WORKSPACE,28f1a3c4-41da-4abf-8da6-ba295660886e,zaki_bank_test_50_transactions.csv,2026-08-09T03:03:34.745334+00:00,e125b9e1-616a-4c65-969d-6e650b6d38ac,38832e8e-fa0f-45a3-96ce-3cb6da270cbe,daa94c07-e040-4a68-9c2f-b7f1c57582c8,3b8c0820-6970-400f-a6ed-827890f4b74c,auto,2026-08-09T03:03:43.054+00:00,1,green,2026-08-09T03:04:09.183+00:00,38832e8e-fa0f-45a3-96ce-3cb6da270cbe,,approved row bank amount 461.95 contradicts QB amount 461.95; approved exact-amount survivor 3b3f074b-ac31-4ac7-bd05-0f2b390eef68,,,,
3f728b6c-4bc2-4afa-ae46-4d41b9017613,survivor_guard,R3,2,intended_survivor_guard,KEEP_LIVE_GUARD,e8ba237b-583a-4093-8cb0-32a7bf5cb08d,2026-09-08,461.95,GOOGLE WORKSPACE,c3f6bcf802410fe377de9e52cc34a7fd6c4cde995f949d42420033abefeaae19,933cc6e0-27ea-4570-8a3b-41d1a8af9a13,1e16cda8-0404-47ee-847a-519e07002b83,2026-09-08,461.95,GOOGLE WORKSPACE,c3f6bcf802410fe377de9e52cc34a7fd6c4cde995f949d42420033abefeaae19,GOOGLE WORKSPACE,46e7d008-0b9e-406c-a8b0-a7f328287603,zaki_bank_test_50_transactions.csv,2026-08-08T22:37:30.578877+00:00,933cc6e0-27ea-4570-8a3b-41d1a8af9a13,0042d6e0-86f5-4c2e-970e-a0c7ac04106a,47f6862a-19c4-4c66-9207-fc20fc3ec2f2,1c8b1bb2-1e2b-4d24-b141-e674ac840b6e,auto,2026-08-08T22:37:39.387+00:00,1,green,2026-08-08T22:38:25.034+00:00,0042d6e0-86f5-4c2e-970e-a0c7ac04106a,,approved row bank amount 461.95 contradicts QB amount 461.95; approved exact-amount survivor 3f728b6c-4bc2-4afa-ae46-4d41b9017613,,,,
4546e658-3e82-4bfc-a848-1b0cdec85a5a,survivor_guard,R3,2,intended_survivor_guard,KEEP_LIVE_GUARD,ba25ea99-6a99-48a2-9ee3-5973f24ba15f,2026-09-04,532.72,OFFICE DEPOT,3275864377542bd8883cb51767fd2c943ee93720f491075090e4d2d1b4db6de4,933cc6e0-27ea-4570-8a3b-41d1a8af9a13,ad8be7da-f41e-45da-b217-b5ea91e2dc31,2026-09-04,532.72,OFFICE DEPOT,3275864377542bd8883cb51767fd2c943ee93720f491075090e4d2d1b4db6de4,OFFICE DEPOT,46e7d008-0b9e-406c-a8b0-a7f328287603,zaki_bank_test_50_transactions.csv,2026-08-08T22:37:30.578877+00:00,933cc6e0-27ea-4570-8a3b-41d1a8af9a13,0042d6e0-86f5-4c2e-970e-a0c7ac04106a,47f6862a-19c4-4c66-9207-fc20fc3ec2f2,1c8b1bb2-1e2b-4d24-b141-e674ac840b6e,auto,2026-08-08T22:37:39.387+00:00,1,green,2026-08-08T22:38:25.034+00:00,0042d6e0-86f5-4c2e-970e-a0c7ac04106a,,approved row bank amount 532.72 contradicts QB amount 532.72; approved exact-amount survivor 4546e658-3e82-4bfc-a848-1b0cdec85a5a,,,,
462852e6-bd0c-45a0-9d52-66e5a32f93ed,survivor_guard,R3,2,intended_survivor_guard,KEEP_LIVE_GUARD,d1768c54-d276-40a0-8d03-7ad6253a7006,2026-09-14,1858.55,MICROSOFT 365,1054cb307cd7f9019a0860035920cc725f32eb675bee25548ddf1f634c9dc8d5,e125b9e1-616a-4c65-969d-6e650b6d38ac,26a3ef95-0cac-42a6-9a65-99400eeeb850,2026-09-14,1858.55,MICROSOFT 365,1054cb307cd7f9019a0860035920cc725f32eb675bee25548ddf1f634c9dc8d5,MICROSOFT 365,28f1a3c4-41da-4abf-8da6-ba295660886e,zaki_bank_test_50_transactions.csv,2026-08-09T03:03:34.745334+00:00,e125b9e1-616a-4c65-969d-6e650b6d38ac,38832e8e-fa0f-45a3-96ce-3cb6da270cbe,daa94c07-e040-4a68-9c2f-b7f1c57582c8,3b8c0820-6970-400f-a6ed-827890f4b74c,auto,2026-08-09T03:03:43.054+00:00,1,green,2026-08-09T03:04:09.183+00:00,38832e8e-fa0f-45a3-96ce-3cb6da270cbe,,approved row bank amount 1858.55 contradicts QB amount 1858.55; approved exact-amount survivor 462852e6-bd0c-45a0-9d52-66e5a32f93ed,,,,
4a744e82-ecf2-4434-926f-f18af75136ac,survivor_guard,R3,2,intended_survivor_guard,KEEP_LIVE_GUARD,34108cb5-8e9a-4616-9eeb-5cf8818eb729,2026-09-08,-783.56,STRIPE PAYOUT,b1ba32ff6017633bf4a5f0b8cf094a15f87173e492fab6d5d965b6bd6d5941ec,e125b9e1-616a-4c65-969d-6e650b6d38ac,c66714fb-89c6-4a6e-bd88-3636a4874ac8,2026-09-08,-783.56,STRIPE PAYOUT,b1ba32ff6017633bf4a5f0b8cf094a15f87173e492fab6d5d965b6bd6d5941ec,STRIPE PAYOUT,28f1a3c4-41da-4abf-8da6-ba295660886e,zaki_bank_test_50_transactions.csv,2026-08-09T03:03:34.745334+00:00,e125b9e1-616a-4c65-969d-6e650b6d38ac,38832e8e-fa0f-45a3-96ce-3cb6da270cbe,daa94c07-e040-4a68-9c2f-b7f1c57582c8,3b8c0820-6970-400f-a6ed-827890f4b74c,auto,2026-08-09T03:03:43.054+00:00,1,green,2026-08-09T03:04:09.183+00:00,38832e8e-fa0f-45a3-96ce-3cb6da270cbe,,approved row bank amount -783.56 contradicts QB amount -783.56; approved exact-amount survivor 4a744e82-ecf2-4434-926f-f18af75136ac,,,,
4cadfe9b-a262-4a50-a4a9-bd039f82217a,survivor_guard,R3,2,intended_survivor_guard,KEEP_LIVE_GUARD,1874775a-2148-48fa-89d6-eb020b86b693,2026-09-12,-3403.01,STRIPE PAYOUT,b1ba32ff6017633bf4a5f0b8cf094a15f87173e492fab6d5d965b6bd6d5941ec,e125b9e1-616a-4c65-969d-6e650b6d38ac,70119137-5ea1-49bd-9655-af0ced55cb08,2026-09-12,-3403.01,STRIPE PAYOUT,b1ba32ff6017633bf4a5f0b8cf094a15f87173e492fab6d5d965b6bd6d5941ec,STRIPE PAYOUT,28f1a3c4-41da-4abf-8da6-ba295660886e,zaki_bank_test_50_transactions.csv,2026-08-09T03:03:34.745334+00:00,e125b9e1-616a-4c65-969d-6e650b6d38ac,38832e8e-fa0f-45a3-96ce-3cb6da270cbe,daa94c07-e040-4a68-9c2f-b7f1c57582c8,3b8c0820-6970-400f-a6ed-827890f4b74c,auto,2026-08-09T03:03:43.054+00:00,1,green,2026-08-09T03:04:09.183+00:00,38832e8e-fa0f-45a3-96ce-3cb6da270cbe,,approved row bank amount -3403.01 contradicts QB amount -3403.01; approved exact-amount survivor 4cadfe9b-a262-4a50-a4a9-bd039f82217a,,,,
4d51f91b-2401-47ce-957b-82a89a459b10,survivor_guard,R3,2,intended_survivor_guard,KEEP_LIVE_GUARD,17ae1677-2955-4bd5-8421-9487cc2d8eb2,2026-09-12,-595.64,CLIENT PAYMENT INV-3013,d22166ec0fe58d8cce2936282d62753973992baf8831af2dfec4fc55352a03c1,e125b9e1-616a-4c65-969d-6e650b6d38ac,59dc50e9-3ac6-4645-a303-5b290882be31,2026-09-12,-595.64,CLIENT PAYMENT INV-3013,d22166ec0fe58d8cce2936282d62753973992baf8831af2dfec4fc55352a03c1,CLIENT PAYMENT INV-3013,28f1a3c4-41da-4abf-8da6-ba295660886e,zaki_bank_test_50_transactions.csv,2026-08-09T03:03:34.745334+00:00,e125b9e1-616a-4c65-969d-6e650b6d38ac,38832e8e-fa0f-45a3-96ce-3cb6da270cbe,daa94c07-e040-4a68-9c2f-b7f1c57582c8,3b8c0820-6970-400f-a6ed-827890f4b74c,auto,2026-08-09T03:03:43.054+00:00,1,green,2026-08-09T03:04:09.183+00:00,38832e8e-fa0f-45a3-96ce-3cb6da270cbe,,approved row bank amount -595.64 contradicts QB amount -595.64; approved exact-amount survivor 4d51f91b-2401-47ce-957b-82a89a459b10,,,,
4e9da3a2-a658-46cc-8026-7c9ac420524a,survivor_guard,R3,2,intended_survivor_guard,KEEP_LIVE_GUARD,230f061a-073b-4361-b576-6bee80d8b672,2026-09-13,1684.13,TRAINLINE,e1eaff0eb106c162aaa2b5b15fe915f5817a5855983217f5e3b5d5d5d9bfbf39,933cc6e0-27ea-4570-8a3b-41d1a8af9a13,5bfa25d6-7fad-4ec7-bdef-3f188b1d2bbc,2026-09-13,1684.13,TRAINLINE,e1eaff0eb106c162aaa2b5b15fe915f5817a5855983217f5e3b5d5d5d9bfbf39,TRAINLINE,46e7d008-0b9e-406c-a8b0-a7f328287603,zaki_bank_test_50_transactions.csv,2026-08-08T22:37:30.578877+00:00,933cc6e0-27ea-4570-8a3b-41d1a8af9a13,0042d6e0-86f5-4c2e-970e-a0c7ac04106a,47f6862a-19c4-4c66-9207-fc20fc3ec2f2,1c8b1bb2-1e2b-4d24-b141-e674ac840b6e,auto,2026-08-08T22:37:39.387+00:00,1,green,2026-08-08T22:38:25.034+00:00,0042d6e0-86f5-4c2e-970e-a0c7ac04106a,,approved row bank amount 1684.13 contradicts QB amount 1684.13; approved exact-amount survivor 4e9da3a2-a658-46cc-8026-7c9ac420524a,,,,
4f8083b3-bc11-4a2f-a1f2-011ae510e74e,survivor_guard,R3,2,intended_survivor_guard,KEEP_LIVE_GUARD,59184cdc-e19c-4bbf-86c9-761dac12e135,2026-09-11,1365.01,MICROSOFT 365,1054cb307cd7f9019a0860035920cc725f32eb675bee25548ddf1f634c9dc8d5,e125b9e1-616a-4c65-969d-6e650b6d38ac,e1dba0a6-8dfb-4069-babb-f34bfb736562,2026-09-11,1365.01,MICROSOFT 365,1054cb307cd7f9019a0860035920cc725f32eb675bee25548ddf1f634c9dc8d5,MICROSOFT 365,28f1a3c4-41da-4abf-8da6-ba295660886e,zaki_bank_test_50_transactions.csv,2026-08-09T03:03:34.745334+00:00,e125b9e1-616a-4c65-969d-6e650b6d38ac,38832e8e-fa0f-45a3-96ce-3cb6da270cbe,daa94c07-e040-4a68-9c2f-b7f1c57582c8,3b8c0820-6970-400f-a6ed-827890f4b74c,auto,2026-08-09T03:03:43.054+00:00,1,green,2026-08-09T03:04:09.183+00:00,38832e8e-fa0f-45a3-96ce-3cb6da270cbe,,approved row bank amount 1365.01 contradicts QB amount 1365.01; approved exact-amount survivor 4f8083b3-bc11-4a2f-a1f2-011ae510e74e,,,,
516db136-3f3b-4c51-906b-43bad7c61570,survivor_guard,R3,2,intended_survivor_guard,KEEP_LIVE_GUARD,130b21ed-869f-4485-8732-186c9f166d12,2026-09-15,1956.08,MICROSOFT 365,1054cb307cd7f9019a0860035920cc725f32eb675bee25548ddf1f634c9dc8d5,e125b9e1-616a-4c65-969d-6e650b6d38ac,e568020e-2d18-41d2-ab12-e3f3bba2fa6a,2026-09-15,1956.08,MICROSOFT 365,1054cb307cd7f9019a0860035920cc725f32eb675bee25548ddf1f634c9dc8d5,MICROSOFT 365,28f1a3c4-41da-4abf-8da6-ba295660886e,zaki_bank_test_50_transactions.csv,2026-08-09T03:03:34.745334+00:00,e125b9e1-616a-4c65-969d-6e650b6d38ac,38832e8e-fa0f-45a3-96ce-3cb6da270cbe,daa94c07-e040-4a68-9c2f-b7f1c57582c8,3b8c0820-6970-400f-a6ed-827890f4b74c,auto,2026-08-09T03:03:43.054+00:00,1,green,2026-08-09T03:04:09.183+00:00,38832e8e-fa0f-45a3-96ce-3cb6da270cbe,,approved row bank amount 1956.08 contradicts QB amount 1956.08; approved exact-amount survivor 516db136-3f3b-4c51-906b-43bad7c61570,,,,
5173e37e-e22c-4e2e-a436-d22befdbbd2c,survivor_guard,R3,2,intended_survivor_guard,KEEP_LIVE_GUARD,46b7c9f3-c0b3-411f-8176-330f022352d7,2026-09-12,-3403.01,STRIPE PAYOUT,b1ba32ff6017633bf4a5f0b8cf094a15f87173e492fab6d5d965b6bd6d5941ec,933cc6e0-27ea-4570-8a3b-41d1a8af9a13,0c5acd65-e088-426d-b68d-778d3527de7a,2026-09-12,-3403.01,STRIPE PAYOUT,b1ba32ff6017633bf4a5f0b8cf094a15f87173e492fab6d5d965b6bd6d5941ec,STRIPE PAYOUT,46e7d008-0b9e-406c-a8b0-a7f328287603,zaki_bank_test_50_transactions.csv,2026-08-08T22:37:30.578877+00:00,933cc6e0-27ea-4570-8a3b-41d1a8af9a13,0042d6e0-86f5-4c2e-970e-a0c7ac04106a,47f6862a-19c4-4c66-9207-fc20fc3ec2f2,1c8b1bb2-1e2b-4d24-b141-e674ac840b6e,auto,2026-08-08T22:37:39.387+00:00,1,green,2026-08-08T22:38:25.034+00:00,0042d6e0-86f5-4c2e-970e-a0c7ac04106a,,approved row bank amount -3403.01 contradicts QB amount -3403.01; approved exact-amount survivor 5173e37e-e22c-4e2e-a436-d22befdbbd2c,,,,
51e5e474-4620-444b-8a56-0989cc7d41c5,survivor_guard,R3,2,intended_survivor_guard,KEEP_LIVE_GUARD,fc39c929-acb9-4870-ac7b-8625d1553a07,2026-09-01,178.44,STRIPE FEE,f0ba59aa7aa6663dd74593cd25e7adb8707b24f6f20908694a2a2c91c9b8a541,933cc6e0-27ea-4570-8a3b-41d1a8af9a13,4f6db150-79c4-42ea-84a8-0cf32bccd8e4,2026-09-01,178.44,STRIPE FEE,f0ba59aa7aa6663dd74593cd25e7adb8707b24f6f20908694a2a2c91c9b8a541,STRIPE FEE,46e7d008-0b9e-406c-a8b0-a7f328287603,zaki_bank_test_50_transactions.csv,2026-08-08T22:37:30.578877+00:00,933cc6e0-27ea-4570-8a3b-41d1a8af9a13,0042d6e0-86f5-4c2e-970e-a0c7ac04106a,47f6862a-19c4-4c66-9207-fc20fc3ec2f2,1c8b1bb2-1e2b-4d24-b141-e674ac840b6e,auto,2026-08-08T22:37:39.387+00:00,1,green,2026-08-08T22:38:25.034+00:00,0042d6e0-86f5-4c2e-970e-a0c7ac04106a,,approved row bank amount 178.44 contradicts QB amount 178.44; approved exact-amount survivor 51e5e474-4620-444b-8a56-0989cc7d41c5,,,,
51f64e5e-dbf1-40a2-bd7e-ab9378c3b454,survivor_guard,R3,2,intended_survivor_guard,KEEP_LIVE_GUARD,de3569ec-ed2c-487e-969d-15e5501f5a88,2026-09-15,482.71,TRAINLINE,e1eaff0eb106c162aaa2b5b15fe915f5817a5855983217f5e3b5d5d5d9bfbf39,933cc6e0-27ea-4570-8a3b-41d1a8af9a13,c9be02a0-0732-4277-8a35-d6eedb20a6ad,2026-09-15,482.71,TRAINLINE,e1eaff0eb106c162aaa2b5b15fe915f5817a5855983217f5e3b5d5d5d9bfbf39,TRAINLINE,46e7d008-0b9e-406c-a8b0-a7f328287603,zaki_bank_test_50_transactions.csv,2026-08-08T22:37:30.578877+00:00,933cc6e0-27ea-4570-8a3b-41d1a8af9a13,0042d6e0-86f5-4c2e-970e-a0c7ac04106a,47f6862a-19c4-4c66-9207-fc20fc3ec2f2,1c8b1bb2-1e2b-4d24-b141-e674ac840b6e,auto,2026-08-08T22:37:39.387+00:00,1,green,2026-08-08T22:38:25.034+00:00,0042d6e0-86f5-4c2e-970e-a0c7ac04106a,,approved row bank amount 482.71 contradicts QB amount 482.71; approved exact-amount survivor 51f64e5e-dbf1-40a2-bd7e-ab9378c3b454,,,,
5952d43e-5ab9-45a7-8fc9-416ef62cb6a0,survivor_guard,R3,2,intended_survivor_guard,KEEP_LIVE_GUARD,e8027f5c-68dd-4004-b5a8-6af1ec9bf295,2026-09-13,1825.69,STRIPE FEE,f0ba59aa7aa6663dd74593cd25e7adb8707b24f6f20908694a2a2c91c9b8a541,933cc6e0-27ea-4570-8a3b-41d1a8af9a13,5b6414f5-b4f8-4837-b847-20cb26e3d2f7,2026-09-13,1825.69,STRIPE FEE,f0ba59aa7aa6663dd74593cd25e7adb8707b24f6f20908694a2a2c91c9b8a541,STRIPE FEE,46e7d008-0b9e-406c-a8b0-a7f328287603,zaki_bank_test_50_transactions.csv,2026-08-08T22:37:30.578877+00:00,933cc6e0-27ea-4570-8a3b-41d1a8af9a13,0042d6e0-86f5-4c2e-970e-a0c7ac04106a,47f6862a-19c4-4c66-9207-fc20fc3ec2f2,1c8b1bb2-1e2b-4d24-b141-e674ac840b6e,auto,2026-08-08T22:37:39.387+00:00,1,green,2026-08-08T22:38:25.034+00:00,0042d6e0-86f5-4c2e-970e-a0c7ac04106a,,approved row bank amount 1825.69 contradicts QB amount 1825.69; approved exact-amount survivor 5952d43e-5ab9-45a7-8fc9-416ef62cb6a0,,,,
5a8a95a3-f3af-46c6-8a5b-2b2e8816fbc9,survivor_guard,R3,2,intended_survivor_guard,KEEP_LIVE_GUARD,588d74f5-7def-4166-97ca-bbfa1bc1fcb4,2026-09-09,-1298.89,CLIENT PAYMENT INV-3009,99a2c89c46a1d38b8fa844880697371c9a579f62aa8c73fe62dec468cc2a5606,e125b9e1-616a-4c65-969d-6e650b6d38ac,1588b9cb-e7bb-449b-ab04-02a8ff5069a3,2026-09-09,-1298.89,CLIENT PAYMENT INV-3009,99a2c89c46a1d38b8fa844880697371c9a579f62aa8c73fe62dec468cc2a5606,CLIENT PAYMENT INV-3009,28f1a3c4-41da-4abf-8da6-ba295660886e,zaki_bank_test_50_transactions.csv,2026-08-09T03:03:34.745334+00:00,e125b9e1-616a-4c65-969d-6e650b6d38ac,38832e8e-fa0f-45a3-96ce-3cb6da270cbe,daa94c07-e040-4a68-9c2f-b7f1c57582c8,3b8c0820-6970-400f-a6ed-827890f4b74c,auto,2026-08-09T03:03:43.054+00:00,1,green,2026-08-09T03:04:09.183+00:00,38832e8e-fa0f-45a3-96ce-3cb6da270cbe,,approved row bank amount -1298.89 contradicts QB amount -1298.89; approved exact-amount survivor 5a8a95a3-f3af-46c6-8a5b-2b2e8816fbc9,,,,
6676cf0b-d1a0-48d3-91c1-5a88ece28ffb,survivor_guard,R3,2,intended_survivor_guard,KEEP_LIVE_GUARD,0f3bf1ab-2a6a-4091-b846-5c1c9640e634,2026-09-06,763.35,MICROSOFT 365,1054cb307cd7f9019a0860035920cc725f32eb675bee25548ddf1f634c9dc8d5,e125b9e1-616a-4c65-969d-6e650b6d38ac,507ad227-d9d9-4fbc-8818-0b665cb6aa91,2026-09-06,763.35,MICROSOFT 365,1054cb307cd7f9019a0860035920cc725f32eb675bee25548ddf1f634c9dc8d5,MICROSOFT 365,28f1a3c4-41da-4abf-8da6-ba295660886e,zaki_bank_test_50_transactions.csv,2026-08-09T03:03:34.745334+00:00,e125b9e1-616a-4c65-969d-6e650b6d38ac,38832e8e-fa0f-45a3-96ce-3cb6da270cbe,daa94c07-e040-4a68-9c2f-b7f1c57582c8,3b8c0820-6970-400f-a6ed-827890f4b74c,auto,2026-08-09T03:03:43.054+00:00,1,green,2026-08-09T03:04:09.183+00:00,38832e8e-fa0f-45a3-96ce-3cb6da270cbe,,approved row bank amount 763.35 contradicts QB amount 763.35; approved exact-amount survivor 6676cf0b-d1a0-48d3-91c1-5a88ece28ffb,,,,
66e5eae1-d486-4e99-9da2-4651464c68f5,survivor_guard,R3,2,intended_survivor_guard,KEEP_LIVE_GUARD,b48714d3-0154-4b84-85eb-78f4f1217f19,2026-09-07,-1644.80,PAYPAL PAYOUT,c4a887e4e8d7632007072a480c63947374313c0cf37d13e471602c897fb455a8,933cc6e0-27ea-4570-8a3b-41d1a8af9a13,38c79f48-947c-4fbc-b63c-9885f442de7b,2026-09-07,-1644.80,PAYPAL PAYOUT,c4a887e4e8d7632007072a480c63947374313c0cf37d13e471602c897fb455a8,PAYPAL PAYOUT,46e7d008-0b9e-406c-a8b0-a7f328287603,zaki_bank_test_50_transactions.csv,2026-08-08T22:37:30.578877+00:00,933cc6e0-27ea-4570-8a3b-41d1a8af9a13,0042d6e0-86f5-4c2e-970e-a0c7ac04106a,47f6862a-19c4-4c66-9207-fc20fc3ec2f2,1c8b1bb2-1e2b-4d24-b141-e674ac840b6e,auto,2026-08-08T22:37:39.387+00:00,1,green,2026-08-08T22:38:25.034+00:00,0042d6e0-86f5-4c2e-970e-a0c7ac04106a,,approved row bank amount -1644.8 contradicts QB amount -1644.8; approved exact-amount survivor 66e5eae1-d486-4e99-9da2-4651464c68f5,,,,
67b1fbb9-35f5-4809-b7c1-020de5e663af,survivor_guard,R3,2,intended_survivor_guard,KEEP_LIVE_GUARD,0e9b2b65-ed96-4a22-92eb-4570811bd5b0,2026-09-08,-973.71,CLIENT PAYMENT INV-3008,0d1a3b997d44400805c9272e7706e888a25af703767ead96cba45453406c198a,e125b9e1-616a-4c65-969d-6e650b6d38ac,502423a0-78f5-4ede-8f29-4f09e72f3f64,2026-09-08,-973.71,CLIENT PAYMENT INV-3008,0d1a3b997d44400805c9272e7706e888a25af703767ead96cba45453406c198a,CLIENT PAYMENT INV-3008,28f1a3c4-41da-4abf-8da6-ba295660886e,zaki_bank_test_50_transactions.csv,2026-08-09T03:03:34.745334+00:00,e125b9e1-616a-4c65-969d-6e650b6d38ac,38832e8e-fa0f-45a3-96ce-3cb6da270cbe,daa94c07-e040-4a68-9c2f-b7f1c57582c8,3b8c0820-6970-400f-a6ed-827890f4b74c,auto,2026-08-09T03:03:43.054+00:00,1,green,2026-08-09T03:04:09.183+00:00,38832e8e-fa0f-45a3-96ce-3cb6da270cbe,,approved row bank amount -973.71 contradicts QB amount -973.71; approved exact-amount survivor 67b1fbb9-35f5-4809-b7c1-020de5e663af,,,,
69fc1cdf-74d3-4626-aca0-8c966a151446,survivor_guard,R3,2,intended_survivor_guard,KEEP_LIVE_GUARD,9b2a6a73-b36a-47e3-aea8-1eaa430de362,2026-09-05,1771.48,OFFICE DEPOT,3275864377542bd8883cb51767fd2c943ee93720f491075090e4d2d1b4db6de4,e125b9e1-616a-4c65-969d-6e650b6d38ac,585304b5-46ca-4f0a-8a32-4a7627a78940,2026-09-05,1771.48,OFFICE DEPOT,3275864377542bd8883cb51767fd2c943ee93720f491075090e4d2d1b4db6de4,OFFICE DEPOT,28f1a3c4-41da-4abf-8da6-ba295660886e,zaki_bank_test_50_transactions.csv,2026-08-09T03:03:34.745334+00:00,e125b9e1-616a-4c65-969d-6e650b6d38ac,38832e8e-fa0f-45a3-96ce-3cb6da270cbe,daa94c07-e040-4a68-9c2f-b7f1c57582c8,3b8c0820-6970-400f-a6ed-827890f4b74c,auto,2026-08-09T03:03:43.054+00:00,1,green,2026-08-09T03:04:09.183+00:00,38832e8e-fa0f-45a3-96ce-3cb6da270cbe,,approved row bank amount 1771.48 contradicts QB amount 1771.48; approved exact-amount survivor 69fc1cdf-74d3-4626-aca0-8c966a151446,,,,
6a4f4da5-62b9-4cec-b91d-909fe00b5f93,survivor_guard,R3,2,intended_survivor_guard,KEEP_LIVE_GUARD,029fc64e-03fd-43db-b5bb-19e4d51cc4c4,2026-09-02,-804.30,CLIENT PAYMENT INV-3002,85497a91225efc910082861f4ac064d735de2ad5a4e8ac6d1644673d7b3a161d,e125b9e1-616a-4c65-969d-6e650b6d38ac,1e36410b-aa0a-43bb-a477-35788d6f2730,2026-09-02,-804.30,CLIENT PAYMENT INV-3002,85497a91225efc910082861f4ac064d735de2ad5a4e8ac6d1644673d7b3a161d,CLIENT PAYMENT INV-3002,28f1a3c4-41da-4abf-8da6-ba295660886e,zaki_bank_test_50_transactions.csv,2026-08-09T03:03:34.745334+00:00,e125b9e1-616a-4c65-969d-6e650b6d38ac,38832e8e-fa0f-45a3-96ce-3cb6da270cbe,daa94c07-e040-4a68-9c2f-b7f1c57582c8,3b8c0820-6970-400f-a6ed-827890f4b74c,auto,2026-08-09T03:03:43.054+00:00,1,green,2026-08-09T03:04:09.183+00:00,38832e8e-fa0f-45a3-96ce-3cb6da270cbe,,approved row bank amount -804.3 contradicts QB amount -804.3; approved exact-amount survivor 6a4f4da5-62b9-4cec-b91d-909fe00b5f93,,,,
7062baed-189b-4c96-87fc-e0dd849e1966,survivor_guard,R3,2,intended_survivor_guard,KEEP_LIVE_GUARD,310c04ad-bb53-450a-a2d8-ae6b5179ef4f,2026-09-03,-3352.39,CLIENT PAYMENT INV-3004,f45b8a681f8b9a98f41c4eb542a6ffddbbcd3ce2c86a38e0a724826a67634b48,e125b9e1-616a-4c65-969d-6e650b6d38ac,c2bc785c-09cc-475c-af80-4de4b9f8c311,2026-09-03,-3352.39,CLIENT PAYMENT INV-3004,f45b8a681f8b9a98f41c4eb542a6ffddbbcd3ce2c86a38e0a724826a67634b48,CLIENT PAYMENT INV-3004,28f1a3c4-41da-4abf-8da6-ba295660886e,zaki_bank_test_50_transactions.csv,2026-08-09T03:03:34.745334+00:00,e125b9e1-616a-4c65-969d-6e650b6d38ac,38832e8e-fa0f-45a3-96ce-3cb6da270cbe,daa94c07-e040-4a68-9c2f-b7f1c57582c8,3b8c0820-6970-400f-a6ed-827890f4b74c,auto,2026-08-09T03:03:43.054+00:00,1,green,2026-08-09T03:04:09.183+00:00,38832e8e-fa0f-45a3-96ce-3cb6da270cbe,,approved row bank amount -3352.39 contradicts QB amount -3352.39; approved exact-amount survivor 7062baed-189b-4c96-87fc-e0dd849e1966,,,,
72efb93a-b21b-46a7-a38f-f7e82ca7e20d,survivor_guard,R3,2,intended_survivor_guard,KEEP_LIVE_GUARD,1bb3b2c7-fbf2-4302-8755-005062ceef43,2026-09-10,1021.50,ADOBE,ee9021c84f33366bde80b75efa132836e47afa18b9ce58e8077f4c25d039666c,933cc6e0-27ea-4570-8a3b-41d1a8af9a13,8eee6d43-ebb7-4075-848a-a8f563a12538,2026-09-10,1021.50,ADOBE,ee9021c84f33366bde80b75efa132836e47afa18b9ce58e8077f4c25d039666c,ADOBE,46e7d008-0b9e-406c-a8b0-a7f328287603,zaki_bank_test_50_transactions.csv,2026-08-08T22:37:30.578877+00:00,933cc6e0-27ea-4570-8a3b-41d1a8af9a13,0042d6e0-86f5-4c2e-970e-a0c7ac04106a,47f6862a-19c4-4c66-9207-fc20fc3ec2f2,1c8b1bb2-1e2b-4d24-b141-e674ac840b6e,auto,2026-08-08T22:37:39.387+00:00,1,green,2026-08-08T22:38:25.034+00:00,0042d6e0-86f5-4c2e-970e-a0c7ac04106a,,approved row bank amount 1021.5 contradicts QB amount 1021.5; approved exact-amount survivor 72efb93a-b21b-46a7-a38f-f7e82ca7e20d,,,,
744cc225-f1b9-47b5-ad0b-6f43fb80e15d,survivor_guard,R3,2,intended_survivor_guard,KEEP_LIVE_GUARD,69db24fb-a9e9-43df-b0c8-7e2867f883e8,2026-09-07,-1644.80,PAYPAL PAYOUT,c4a887e4e8d7632007072a480c63947374313c0cf37d13e471602c897fb455a8,e125b9e1-616a-4c65-969d-6e650b6d38ac,46e7ef6c-6329-4221-8852-22cfd4559c33,2026-09-07,-1644.80,PAYPAL PAYOUT,c4a887e4e8d7632007072a480c63947374313c0cf37d13e471602c897fb455a8,PAYPAL PAYOUT,28f1a3c4-41da-4abf-8da6-ba295660886e,zaki_bank_test_50_transactions.csv,2026-08-09T03:03:34.745334+00:00,e125b9e1-616a-4c65-969d-6e650b6d38ac,38832e8e-fa0f-45a3-96ce-3cb6da270cbe,daa94c07-e040-4a68-9c2f-b7f1c57582c8,3b8c0820-6970-400f-a6ed-827890f4b74c,auto,2026-08-09T03:03:43.054+00:00,1,green,2026-08-09T03:04:09.183+00:00,38832e8e-fa0f-45a3-96ce-3cb6da270cbe,,approved row bank amount -1644.8 contradicts QB amount -1644.8; approved exact-amount survivor 744cc225-f1b9-47b5-ad0b-6f43fb80e15d,,,,
7b94129e-4341-4672-aa97-320d5fcf460f,survivor_guard,R3,2,intended_survivor_guard,KEEP_LIVE_GUARD,2558eb7b-81be-4075-beba-7ce9f54e1b8a,2026-09-02,841.94,STRIPE FEE,f0ba59aa7aa6663dd74593cd25e7adb8707b24f6f20908694a2a2c91c9b8a541,e125b9e1-616a-4c65-969d-6e650b6d38ac,64d9d59d-969f-4b48-8304-2cda57d88779,2026-09-02,841.94,STRIPE FEE,f0ba59aa7aa6663dd74593cd25e7adb8707b24f6f20908694a2a2c91c9b8a541,STRIPE FEE,28f1a3c4-41da-4abf-8da6-ba295660886e,zaki_bank_test_50_transactions.csv,2026-08-09T03:03:34.745334+00:00,e125b9e1-616a-4c65-969d-6e650b6d38ac,38832e8e-fa0f-45a3-96ce-3cb6da270cbe,daa94c07-e040-4a68-9c2f-b7f1c57582c8,3b8c0820-6970-400f-a6ed-827890f4b74c,auto,2026-08-09T03:03:43.054+00:00,1,green,2026-08-09T03:04:09.183+00:00,38832e8e-fa0f-45a3-96ce-3cb6da270cbe,,approved row bank amount 841.94 contradicts QB amount 841.94; approved exact-amount survivor 7b94129e-4341-4672-aa97-320d5fcf460f,,,,
7e8df72b-80eb-49d3-a232-4c715ee95ce0,survivor_guard,R3,2,intended_survivor_guard,KEEP_LIVE_GUARD,87248275-7af1-48ae-9dcc-5cf089f49db3,2026-09-11,-1664.77,CLIENT PAYMENT INV-3011,d216e750c164970f9b22512542dad86d254787dd920e72618dbe5632c6890b50,e125b9e1-616a-4c65-969d-6e650b6d38ac,62b9b6fc-f27f-4a41-88b6-1df6fbd3bac4,2026-09-11,-1664.77,CLIENT PAYMENT INV-3011,d216e750c164970f9b22512542dad86d254787dd920e72618dbe5632c6890b50,CLIENT PAYMENT INV-3011,28f1a3c4-41da-4abf-8da6-ba295660886e,zaki_bank_test_50_transactions.csv,2026-08-09T03:03:34.745334+00:00,e125b9e1-616a-4c65-969d-6e650b6d38ac,38832e8e-fa0f-45a3-96ce-3cb6da270cbe,daa94c07-e040-4a68-9c2f-b7f1c57582c8,3b8c0820-6970-400f-a6ed-827890f4b74c,auto,2026-08-09T03:03:43.054+00:00,1,green,2026-08-09T03:04:09.183+00:00,38832e8e-fa0f-45a3-96ce-3cb6da270cbe,,approved row bank amount -1664.77 contradicts QB amount -1664.77; approved exact-amount survivor 7e8df72b-80eb-49d3-a232-4c715ee95ce0,,,,
822c64e3-7020-49e3-bea3-3cdc92602cd9,survivor_guard,R3,2,intended_survivor_guard,KEEP_LIVE_GUARD,b2892046-d2a2-41b3-bba1-c591f0b48277,2026-09-05,1771.48,OFFICE DEPOT,3275864377542bd8883cb51767fd2c943ee93720f491075090e4d2d1b4db6de4,933cc6e0-27ea-4570-8a3b-41d1a8af9a13,ed4d9658-0064-433e-ac50-f4927ed3a4ac,2026-09-05,1771.48,OFFICE DEPOT,3275864377542bd8883cb51767fd2c943ee93720f491075090e4d2d1b4db6de4,OFFICE DEPOT,46e7d008-0b9e-406c-a8b0-a7f328287603,zaki_bank_test_50_transactions.csv,2026-08-08T22:37:30.578877+00:00,933cc6e0-27ea-4570-8a3b-41d1a8af9a13,0042d6e0-86f5-4c2e-970e-a0c7ac04106a,47f6862a-19c4-4c66-9207-fc20fc3ec2f2,1c8b1bb2-1e2b-4d24-b141-e674ac840b6e,auto,2026-08-08T22:37:39.387+00:00,1,green,2026-08-08T22:38:25.034+00:00,0042d6e0-86f5-4c2e-970e-a0c7ac04106a,,approved row bank amount 1771.48 contradicts QB amount 1771.48; approved exact-amount survivor 822c64e3-7020-49e3-bea3-3cdc92602cd9,,,,
86697b4b-0896-4587-a022-bcce102b7f71,survivor_guard,R3,2,intended_survivor_guard,KEEP_LIVE_GUARD,a2db043b-2eeb-45a4-9633-3a20c079c076,2026-09-11,1365.01,MICROSOFT 365,1054cb307cd7f9019a0860035920cc725f32eb675bee25548ddf1f634c9dc8d5,933cc6e0-27ea-4570-8a3b-41d1a8af9a13,9b1ca747-0806-4388-8bc6-3defb0ae676f,2026-09-11,1365.01,MICROSOFT 365,1054cb307cd7f9019a0860035920cc725f32eb675bee25548ddf1f634c9dc8d5,MICROSOFT 365,46e7d008-0b9e-406c-a8b0-a7f328287603,zaki_bank_test_50_transactions.csv,2026-08-08T22:37:30.578877+00:00,933cc6e0-27ea-4570-8a3b-41d1a8af9a13,0042d6e0-86f5-4c2e-970e-a0c7ac04106a,47f6862a-19c4-4c66-9207-fc20fc3ec2f2,1c8b1bb2-1e2b-4d24-b141-e674ac840b6e,auto,2026-08-08T22:37:39.387+00:00,1,green,2026-08-08T22:38:25.034+00:00,0042d6e0-86f5-4c2e-970e-a0c7ac04106a,,approved row bank amount 1365.01 contradicts QB amount 1365.01; approved exact-amount survivor 86697b4b-0896-4587-a022-bcce102b7f71,,,,
868e9776-fb88-40fd-a58c-96ae46d3e9b9,survivor_guard,R3,2,intended_survivor_guard,KEEP_LIVE_GUARD,dadecc13-3173-4a82-8c10-637794f30e8b,2026-09-10,1021.50,ADOBE,ee9021c84f33366bde80b75efa132836e47afa18b9ce58e8077f4c25d039666c,e125b9e1-616a-4c65-969d-6e650b6d38ac,74abbaf2-5010-43ff-bf3a-d6c967ca9fec,2026-09-10,1021.50,ADOBE,ee9021c84f33366bde80b75efa132836e47afa18b9ce58e8077f4c25d039666c,ADOBE,28f1a3c4-41da-4abf-8da6-ba295660886e,zaki_bank_test_50_transactions.csv,2026-08-09T03:03:34.745334+00:00,e125b9e1-616a-4c65-969d-6e650b6d38ac,38832e8e-fa0f-45a3-96ce-3cb6da270cbe,daa94c07-e040-4a68-9c2f-b7f1c57582c8,3b8c0820-6970-400f-a6ed-827890f4b74c,auto,2026-08-09T03:03:43.054+00:00,1,green,2026-08-09T03:04:09.183+00:00,38832e8e-fa0f-45a3-96ce-3cb6da270cbe,,approved row bank amount 1021.5 contradicts QB amount 1021.5; approved exact-amount survivor 868e9776-fb88-40fd-a58c-96ae46d3e9b9,,,,
88eb21b4-c009-41d7-a96c-71d0c80aae1c,survivor_guard,R3,2,intended_survivor_guard,KEEP_LIVE_GUARD,7d3a9b86-f9ac-4a8e-8c42-87dfe180d142,2026-09-06,329.49,AMAZON WEB SERVICES,e286778b9c16222b1a789660bcf33f7b833fb1e44ae61064a95af9b614916774,e125b9e1-616a-4c65-969d-6e650b6d38ac,a894cb34-9f55-4573-8681-13cede703ddf,2026-09-06,329.49,AMAZON WEB SERVICES,e286778b9c16222b1a789660bcf33f7b833fb1e44ae61064a95af9b614916774,AMAZON WEB SERVICES,28f1a3c4-41da-4abf-8da6-ba295660886e,zaki_bank_test_50_transactions.csv,2026-08-09T03:03:34.745334+00:00,e125b9e1-616a-4c65-969d-6e650b6d38ac,38832e8e-fa0f-45a3-96ce-3cb6da270cbe,daa94c07-e040-4a68-9c2f-b7f1c57582c8,3b8c0820-6970-400f-a6ed-827890f4b74c,auto,2026-08-09T03:03:43.054+00:00,1,green,2026-08-09T03:04:09.183+00:00,38832e8e-fa0f-45a3-96ce-3cb6da270cbe,,approved row bank amount 329.49 contradicts QB amount 329.49; approved exact-amount survivor 88eb21b4-c009-41d7-a96c-71d0c80aae1c,,,,
97048913-4ca1-4fed-ac8c-4eaf14c95a95,survivor_guard,R3,2,intended_survivor_guard,KEEP_LIVE_GUARD,e6ac3c68-3889-4238-b3af-10c99951672b,2026-09-06,1970.52,TRAINLINE,e1eaff0eb106c162aaa2b5b15fe915f5817a5855983217f5e3b5d5d5d9bfbf39,e125b9e1-616a-4c65-969d-6e650b6d38ac,d227add2-79d5-41e8-b6f7-bc83d3c2cb4f,2026-09-06,1970.52,TRAINLINE,e1eaff0eb106c162aaa2b5b15fe915f5817a5855983217f5e3b5d5d5d9bfbf39,TRAINLINE,28f1a3c4-41da-4abf-8da6-ba295660886e,zaki_bank_test_50_transactions.csv,2026-08-09T03:03:34.745334+00:00,e125b9e1-616a-4c65-969d-6e650b6d38ac,38832e8e-fa0f-45a3-96ce-3cb6da270cbe,daa94c07-e040-4a68-9c2f-b7f1c57582c8,3b8c0820-6970-400f-a6ed-827890f4b74c,auto,2026-08-09T03:03:43.054+00:00,1,green,2026-08-09T03:04:09.183+00:00,38832e8e-fa0f-45a3-96ce-3cb6da270cbe,,approved row bank amount 1970.52 contradicts QB amount 1970.52; approved exact-amount survivor 97048913-4ca1-4fed-ac8c-4eaf14c95a95,,,,
99a3fd62-4ace-41ad-bcb2-e2aeb05041a9,survivor_guard,R3,2,intended_survivor_guard,KEEP_LIVE_GUARD,aa1d3b72-9d06-44f8-8e55-65fda4bcfc1d,2026-09-12,1538.35,TRAINLINE,e1eaff0eb106c162aaa2b5b15fe915f5817a5855983217f5e3b5d5d5d9bfbf39,933cc6e0-27ea-4570-8a3b-41d1a8af9a13,7fab121d-e7bc-46c5-931d-a334ac5bb5e5,2026-09-12,1538.35,TRAINLINE,e1eaff0eb106c162aaa2b5b15fe915f5817a5855983217f5e3b5d5d5d9bfbf39,TRAINLINE,46e7d008-0b9e-406c-a8b0-a7f328287603,zaki_bank_test_50_transactions.csv,2026-08-08T22:37:30.578877+00:00,933cc6e0-27ea-4570-8a3b-41d1a8af9a13,0042d6e0-86f5-4c2e-970e-a0c7ac04106a,47f6862a-19c4-4c66-9207-fc20fc3ec2f2,1c8b1bb2-1e2b-4d24-b141-e674ac840b6e,auto,2026-08-08T22:37:39.387+00:00,1,green,2026-08-08T22:38:25.034+00:00,0042d6e0-86f5-4c2e-970e-a0c7ac04106a,,approved row bank amount 1538.35 contradicts QB amount 1538.35; approved exact-amount survivor 99a3fd62-4ace-41ad-bcb2-e2aeb05041a9,,,,
9caf65bd-6441-4e8c-9d1d-453f5b2affb0,survivor_guard,R3,2,intended_survivor_guard,KEEP_LIVE_GUARD,977a0dd1-1b82-4cd0-8fa3-7fd8cc85e018,2026-09-01,1484.39,GOOGLE WORKSPACE,c3f6bcf802410fe377de9e52cc34a7fd6c4cde995f949d42420033abefeaae19,e125b9e1-616a-4c65-969d-6e650b6d38ac,3782dfb3-7e20-4381-8634-da38b9439b29,2026-09-01,1484.39,GOOGLE WORKSPACE,c3f6bcf802410fe377de9e52cc34a7fd6c4cde995f949d42420033abefeaae19,GOOGLE WORKSPACE,28f1a3c4-41da-4abf-8da6-ba295660886e,zaki_bank_test_50_transactions.csv,2026-08-09T03:03:34.745334+00:00,e125b9e1-616a-4c65-969d-6e650b6d38ac,38832e8e-fa0f-45a3-96ce-3cb6da270cbe,daa94c07-e040-4a68-9c2f-b7f1c57582c8,3b8c0820-6970-400f-a6ed-827890f4b74c,auto,2026-08-09T03:03:43.054+00:00,1,green,2026-08-09T03:04:09.183+00:00,38832e8e-fa0f-45a3-96ce-3cb6da270cbe,,approved row bank amount 1484.39 contradicts QB amount 1484.39; approved exact-amount survivor 9caf65bd-6441-4e8c-9d1d-453f5b2affb0,,,,
9ce24e6b-6fc2-46b4-9fa4-556cd6418d55,survivor_guard,R3,2,intended_survivor_guard,KEEP_LIVE_GUARD,9df5e55d-6c1e-4468-a4fc-d7148564db4b,2026-09-09,290.03,BANK CHARGES,e43588e5f91e89a8c86689a31a562411129c292d816231673b1f1dec238c5694,e125b9e1-616a-4c65-969d-6e650b6d38ac,a14df79a-5659-42b9-b915-4b8f1d062981,2026-09-09,290.03,BANK CHARGES,e43588e5f91e89a8c86689a31a562411129c292d816231673b1f1dec238c5694,BANK CHARGES,28f1a3c4-41da-4abf-8da6-ba295660886e,zaki_bank_test_50_transactions.csv,2026-08-09T03:03:34.745334+00:00,e125b9e1-616a-4c65-969d-6e650b6d38ac,38832e8e-fa0f-45a3-96ce-3cb6da270cbe,daa94c07-e040-4a68-9c2f-b7f1c57582c8,3b8c0820-6970-400f-a6ed-827890f4b74c,auto,2026-08-09T03:03:43.054+00:00,1,green,2026-08-09T03:04:09.183+00:00,38832e8e-fa0f-45a3-96ce-3cb6da270cbe,,approved row bank amount 290.03 contradicts QB amount 290.03; approved exact-amount survivor 9ce24e6b-6fc2-46b4-9fa4-556cd6418d55,,,,
9cf419d2-2ae4-4d1a-b426-08287d859155,survivor_guard,R3,2,intended_survivor_guard,KEEP_LIVE_GUARD,409bdb27-d69d-42e8-86de-8a830ea99288,2026-09-10,-428.29,CLIENT PAYMENT INV-3010,fa49995867be7c7a7960b7217937c407f01705bab82b93147badaf2f0ef57d25,e125b9e1-616a-4c65-969d-6e650b6d38ac,75fc7e29-2013-4ce0-ac8d-c30307ace266,2026-09-10,-428.29,CLIENT PAYMENT INV-3010,fa49995867be7c7a7960b7217937c407f01705bab82b93147badaf2f0ef57d25,CLIENT PAYMENT INV-3010,28f1a3c4-41da-4abf-8da6-ba295660886e,zaki_bank_test_50_transactions.csv,2026-08-09T03:03:34.745334+00:00,e125b9e1-616a-4c65-969d-6e650b6d38ac,38832e8e-fa0f-45a3-96ce-3cb6da270cbe,daa94c07-e040-4a68-9c2f-b7f1c57582c8,3b8c0820-6970-400f-a6ed-827890f4b74c,auto,2026-08-09T03:03:43.054+00:00,1,green,2026-08-09T03:04:09.183+00:00,38832e8e-fa0f-45a3-96ce-3cb6da270cbe,,approved row bank amount -428.29 contradicts QB amount -428.29; approved exact-amount survivor 9cf419d2-2ae4-4d1a-b426-08287d859155,,,,
9fb4f0b6-6c7e-4b73-80db-aeaac4028a8e,survivor_guard,R3,2,intended_survivor_guard,KEEP_LIVE_GUARD,cabbec10-5155-4102-94ce-f90baf4c0441,2026-09-12,1538.35,TRAINLINE,e1eaff0eb106c162aaa2b5b15fe915f5817a5855983217f5e3b5d5d5d9bfbf39,e125b9e1-616a-4c65-969d-6e650b6d38ac,aa448f67-28d3-4b03-96a4-cd67558a15c2,2026-09-12,1538.35,TRAINLINE,e1eaff0eb106c162aaa2b5b15fe915f5817a5855983217f5e3b5d5d5d9bfbf39,TRAINLINE,28f1a3c4-41da-4abf-8da6-ba295660886e,zaki_bank_test_50_transactions.csv,2026-08-09T03:03:34.745334+00:00,e125b9e1-616a-4c65-969d-6e650b6d38ac,38832e8e-fa0f-45a3-96ce-3cb6da270cbe,daa94c07-e040-4a68-9c2f-b7f1c57582c8,3b8c0820-6970-400f-a6ed-827890f4b74c,auto,2026-08-09T03:03:43.054+00:00,1,green,2026-08-09T03:04:09.183+00:00,38832e8e-fa0f-45a3-96ce-3cb6da270cbe,,approved row bank amount 1538.35 contradicts QB amount 1538.35; approved exact-amount survivor 9fb4f0b6-6c7e-4b73-80db-aeaac4028a8e,,,,
a0221b7a-0d0e-40ac-a5c6-7270e2717ead,survivor_guard,R3,2,intended_survivor_guard,KEEP_LIVE_GUARD,4bc84dda-1532-47e2-9599-dfe63631caaa,2026-09-16,849.16,OFFICE DEPOT,3275864377542bd8883cb51767fd2c943ee93720f491075090e4d2d1b4db6de4,933cc6e0-27ea-4570-8a3b-41d1a8af9a13,2b101267-2cf7-44ca-a618-1147d422b8b0,2026-09-16,849.16,OFFICE DEPOT,3275864377542bd8883cb51767fd2c943ee93720f491075090e4d2d1b4db6de4,OFFICE DEPOT,46e7d008-0b9e-406c-a8b0-a7f328287603,zaki_bank_test_50_transactions.csv,2026-08-08T22:37:30.578877+00:00,933cc6e0-27ea-4570-8a3b-41d1a8af9a13,0042d6e0-86f5-4c2e-970e-a0c7ac04106a,47f6862a-19c4-4c66-9207-fc20fc3ec2f2,1c8b1bb2-1e2b-4d24-b141-e674ac840b6e,auto,2026-08-08T22:37:39.387+00:00,1,green,2026-08-08T22:38:25.034+00:00,0042d6e0-86f5-4c2e-970e-a0c7ac04106a,,approved row bank amount 849.16 contradicts QB amount 849.16; approved exact-amount survivor a0221b7a-0d0e-40ac-a5c6-7270e2717ead,,,,
a32f9b37-c17a-44ea-8313-0d8b0b323394,survivor_guard,R3,2,intended_survivor_guard,KEEP_LIVE_GUARD,0887172a-0cc0-47f5-8663-9d93e108ddf9,2026-09-14,1199.89,GOOGLE WORKSPACE,c3f6bcf802410fe377de9e52cc34a7fd6c4cde995f949d42420033abefeaae19,933cc6e0-27ea-4570-8a3b-41d1a8af9a13,124d62f0-8bd5-4be4-a420-23fd749a4a1a,2026-09-14,1199.89,GOOGLE WORKSPACE,c3f6bcf802410fe377de9e52cc34a7fd6c4cde995f949d42420033abefeaae19,GOOGLE WORKSPACE,46e7d008-0b9e-406c-a8b0-a7f328287603,zaki_bank_test_50_transactions.csv,2026-08-08T22:37:30.578877+00:00,933cc6e0-27ea-4570-8a3b-41d1a8af9a13,0042d6e0-86f5-4c2e-970e-a0c7ac04106a,47f6862a-19c4-4c66-9207-fc20fc3ec2f2,1c8b1bb2-1e2b-4d24-b141-e674ac840b6e,auto,2026-08-08T22:37:39.387+00:00,1,green,2026-08-08T22:38:25.034+00:00,0042d6e0-86f5-4c2e-970e-a0c7ac04106a,,approved row bank amount 1199.89 contradicts QB amount 1199.89; approved exact-amount survivor a32f9b37-c17a-44ea-8313-0d8b0b323394,,,,
a8dd9bcf-46e7-494a-8dca-1a68185060f7,survivor_guard,R3,2,intended_survivor_guard,KEEP_LIVE_GUARD,3122e89c-af7f-4d7e-9291-08fba0cbabef,2026-09-13,309.91,SHELL,ce635c4eabff5e4f56dba8fb1e39ca235530aa2b6b18533eef1af3862016c577,933cc6e0-27ea-4570-8a3b-41d1a8af9a13,1e58f653-3cd8-4b91-8327-99b7c2576b99,2026-09-13,309.91,SHELL,ce635c4eabff5e4f56dba8fb1e39ca235530aa2b6b18533eef1af3862016c577,SHELL,46e7d008-0b9e-406c-a8b0-a7f328287603,zaki_bank_test_50_transactions.csv,2026-08-08T22:37:30.578877+00:00,933cc6e0-27ea-4570-8a3b-41d1a8af9a13,0042d6e0-86f5-4c2e-970e-a0c7ac04106a,47f6862a-19c4-4c66-9207-fc20fc3ec2f2,1c8b1bb2-1e2b-4d24-b141-e674ac840b6e,auto,2026-08-08T22:37:39.387+00:00,1,green,2026-08-08T22:38:25.034+00:00,0042d6e0-86f5-4c2e-970e-a0c7ac04106a,,approved row bank amount 309.91 contradicts QB amount 309.91; approved exact-amount survivor a8dd9bcf-46e7-494a-8dca-1a68185060f7,,,,
abcdfc04-deeb-46c5-9451-52ee3ad65b31,survivor_guard,R6,2,intended_survivor_guard,KEEP_LIVE_GUARD,eff8b3ac-a91a-4b6b-af95-fb033a0d45d7,2026-09-30,1000.00,TRANSFER TO SAVINGS,2550ddeaf2e9936c2182a63fd46dce90fcff49f5c3da8e0ed098afd6a56ebf34,933cc6e0-27ea-4570-8a3b-41d1a8af9a13,f876448c-7f0f-4957-8e28-2cac7511e0bf,2026-09-30,1000.00,TRANSFER TO SAVINGS,2550ddeaf2e9936c2182a63fd46dce90fcff49f5c3da8e0ed098afd6a56ebf34,TRANSFER TO SAVINGS,46e7d008-0b9e-406c-a8b0-a7f328287603,zaki_bank_test_50_transactions.csv,2026-08-08T22:37:30.578877+00:00,933cc6e0-27ea-4570-8a3b-41d1a8af9a13,0042d6e0-86f5-4c2e-970e-a0c7ac04106a,47f6862a-19c4-4c66-9207-fc20fc3ec2f2,1c8b1bb2-1e2b-4d24-b141-e674ac840b6e,auto,2026-08-08T22:37:39.387+00:00,1,green,2026-08-08T22:38:25.034+00:00,0042d6e0-86f5-4c2e-970e-a0c7ac04106a,,identical-evidence approved pair on QB 'TRANSFER TO SAVINGS'; proposal keeps abcdfc04-deeb-46c5-9451-52ee3ad65b31 (earliest statement upload) — HUMAN DECISION REQUIRED,,,,
ad873a98-cadf-4ed0-9f28-93f4189072d8,survivor_guard,R3,2,intended_survivor_guard,KEEP_LIVE_GUARD,2609af68-c759-48b4-9beb-1cd990fedef5,2026-09-08,-783.56,STRIPE PAYOUT,b1ba32ff6017633bf4a5f0b8cf094a15f87173e492fab6d5d965b6bd6d5941ec,933cc6e0-27ea-4570-8a3b-41d1a8af9a13,3df7d645-fd60-4338-a5f9-94cc95951d87,2026-09-08,-783.56,STRIPE PAYOUT,b1ba32ff6017633bf4a5f0b8cf094a15f87173e492fab6d5d965b6bd6d5941ec,STRIPE PAYOUT,46e7d008-0b9e-406c-a8b0-a7f328287603,zaki_bank_test_50_transactions.csv,2026-08-08T22:37:30.578877+00:00,933cc6e0-27ea-4570-8a3b-41d1a8af9a13,0042d6e0-86f5-4c2e-970e-a0c7ac04106a,47f6862a-19c4-4c66-9207-fc20fc3ec2f2,1c8b1bb2-1e2b-4d24-b141-e674ac840b6e,auto,2026-08-08T22:37:39.387+00:00,1,green,2026-08-08T22:38:25.034+00:00,0042d6e0-86f5-4c2e-970e-a0c7ac04106a,,approved row bank amount -783.56 contradicts QB amount -783.56; approved exact-amount survivor ad873a98-cadf-4ed0-9f28-93f4189072d8,,,,
b21bdd83-defe-4e68-ab8b-a007a9e87f9b,survivor_guard,R6,2,intended_survivor_guard,KEEP_LIVE_GUARD,41adbcf4-b89a-464f-8d26-f87aae5bc8aa,2026-10-01,-48.72,REFUND AMAZON,4e1599e7d8046e4ec850afe761adf81abe542789adb5d7fabc00ec07859f10d4,e125b9e1-616a-4c65-969d-6e650b6d38ac,88c15900-5bd3-482e-81e1-10a76d41895b,2026-10-01,-48.72,REFUND AMAZON,4e1599e7d8046e4ec850afe761adf81abe542789adb5d7fabc00ec07859f10d4,REFUND AMAZON,28f1a3c4-41da-4abf-8da6-ba295660886e,zaki_bank_test_50_transactions.csv,2026-08-09T03:03:34.745334+00:00,e125b9e1-616a-4c65-969d-6e650b6d38ac,38832e8e-fa0f-45a3-96ce-3cb6da270cbe,daa94c07-e040-4a68-9c2f-b7f1c57582c8,3b8c0820-6970-400f-a6ed-827890f4b74c,auto,2026-08-09T03:03:43.054+00:00,1,green,2026-08-09T03:04:09.183+00:00,38832e8e-fa0f-45a3-96ce-3cb6da270cbe,,identical-evidence approved pair on QB 'REFUND AMAZON'; proposal keeps b21bdd83-defe-4e68-ab8b-a007a9e87f9b (earliest statement upload) — HUMAN DECISION REQUIRED,,,,
b7627e13-03d4-4d9a-8328-f164f0bbe945,survivor_guard,R3,2,intended_survivor_guard,KEEP_LIVE_GUARD,e81ef973-84f7-44fe-aa4c-c577823ec15d,2026-09-05,-289.97,CLIENT PAYMENT INV-3007,b0dacb11da5a158e80e4e26626b0a2751b3a09df98f9041c1ef8a59326f6ca06,e125b9e1-616a-4c65-969d-6e650b6d38ac,0410d85f-d012-429b-b40d-07f28508dc4c,2026-09-05,-289.97,CLIENT PAYMENT INV-3007,b0dacb11da5a158e80e4e26626b0a2751b3a09df98f9041c1ef8a59326f6ca06,CLIENT PAYMENT INV-3007,28f1a3c4-41da-4abf-8da6-ba295660886e,zaki_bank_test_50_transactions.csv,2026-08-09T03:03:34.745334+00:00,e125b9e1-616a-4c65-969d-6e650b6d38ac,38832e8e-fa0f-45a3-96ce-3cb6da270cbe,daa94c07-e040-4a68-9c2f-b7f1c57582c8,3b8c0820-6970-400f-a6ed-827890f4b74c,auto,2026-08-09T03:03:43.054+00:00,1,green,2026-08-09T03:04:09.183+00:00,38832e8e-fa0f-45a3-96ce-3cb6da270cbe,,approved row bank amount -289.97 contradicts QB amount -289.97; approved exact-amount survivor b7627e13-03d4-4d9a-8328-f164f0bbe945,,,,
bd67506e-d5d0-493d-aaae-4d29c5f3b1e2,survivor_guard,R3,2,intended_survivor_guard,KEEP_LIVE_GUARD,46380a7e-408d-48e3-b2eb-dcc2655ab923,2026-09-11,-3301.39,CLIENT PAYMENT INV-3012,3776d648582b314dcf68dcc73d82f9911965bb984244cbd6eaf08f0aca4aa63e,e125b9e1-616a-4c65-969d-6e650b6d38ac,4f007544-3195-4b30-aec1-80855ee2fa6b,2026-09-11,-3301.39,CLIENT PAYMENT INV-3012,3776d648582b314dcf68dcc73d82f9911965bb984244cbd6eaf08f0aca4aa63e,CLIENT PAYMENT INV-3012,28f1a3c4-41da-4abf-8da6-ba295660886e,zaki_bank_test_50_transactions.csv,2026-08-09T03:03:34.745334+00:00,e125b9e1-616a-4c65-969d-6e650b6d38ac,38832e8e-fa0f-45a3-96ce-3cb6da270cbe,daa94c07-e040-4a68-9c2f-b7f1c57582c8,3b8c0820-6970-400f-a6ed-827890f4b74c,auto,2026-08-09T03:03:43.054+00:00,1,green,2026-08-09T03:04:09.183+00:00,38832e8e-fa0f-45a3-96ce-3cb6da270cbe,,approved row bank amount -3301.39 contradicts QB amount -3301.39; approved exact-amount survivor bd67506e-d5d0-493d-aaae-4d29c5f3b1e2,,,,
bf2a20fd-4c9c-4b53-9b0a-c53fb8d4b957,survivor_guard,R3,2,intended_survivor_guard,KEEP_LIVE_GUARD,0316a12a-8b5a-449e-b9ae-434ae107efb6,2026-09-06,1970.52,TRAINLINE,e1eaff0eb106c162aaa2b5b15fe915f5817a5855983217f5e3b5d5d5d9bfbf39,933cc6e0-27ea-4570-8a3b-41d1a8af9a13,6943fe96-0a1f-4a7d-ad50-4998f1e83948,2026-09-06,1970.52,TRAINLINE,e1eaff0eb106c162aaa2b5b15fe915f5817a5855983217f5e3b5d5d5d9bfbf39,TRAINLINE,46e7d008-0b9e-406c-a8b0-a7f328287603,zaki_bank_test_50_transactions.csv,2026-08-08T22:37:30.578877+00:00,933cc6e0-27ea-4570-8a3b-41d1a8af9a13,0042d6e0-86f5-4c2e-970e-a0c7ac04106a,47f6862a-19c4-4c66-9207-fc20fc3ec2f2,1c8b1bb2-1e2b-4d24-b141-e674ac840b6e,auto,2026-08-08T22:37:39.387+00:00,1,green,2026-08-08T22:38:25.034+00:00,0042d6e0-86f5-4c2e-970e-a0c7ac04106a,,approved row bank amount 1970.52 contradicts QB amount 1970.52; approved exact-amount survivor bf2a20fd-4c9c-4b53-9b0a-c53fb8d4b957,,,,
c1b21c55-8a00-4e34-977f-ad88b23a0e06,survivor_guard,R6,2,intended_survivor_guard,KEEP_LIVE_GUARD,43be2941-a210-4caa-9253-7cc632104c27,2026-09-30,1000.00,TRANSFER TO SAVINGS,2550ddeaf2e9936c2182a63fd46dce90fcff49f5c3da8e0ed098afd6a56ebf34,e125b9e1-616a-4c65-969d-6e650b6d38ac,f9e4c608-89ca-4e8c-b8dc-2ff5cbb6b7c9,2026-09-30,1000.00,TRANSFER TO SAVINGS,2550ddeaf2e9936c2182a63fd46dce90fcff49f5c3da8e0ed098afd6a56ebf34,TRANSFER TO SAVINGS,28f1a3c4-41da-4abf-8da6-ba295660886e,zaki_bank_test_50_transactions.csv,2026-08-09T03:03:34.745334+00:00,e125b9e1-616a-4c65-969d-6e650b6d38ac,38832e8e-fa0f-45a3-96ce-3cb6da270cbe,daa94c07-e040-4a68-9c2f-b7f1c57582c8,3b8c0820-6970-400f-a6ed-827890f4b74c,auto,2026-08-09T03:03:43.054+00:00,1,green,2026-08-09T03:04:09.183+00:00,38832e8e-fa0f-45a3-96ce-3cb6da270cbe,,identical-evidence approved pair on QB 'TRANSFER TO SAVINGS'; proposal keeps c1b21c55-8a00-4e34-977f-ad88b23a0e06 (earliest statement upload) — HUMAN DECISION REQUIRED,,,,
c3a2addf-4c52-406c-bcc4-f336d6f223f8,survivor_guard,R3,2,intended_survivor_guard,KEEP_LIVE_GUARD,027cdfa7-f24c-4e52-ab03-6b78490687a0,2026-09-04,-480.65,CLIENT PAYMENT INV-3006,851559b0e91b9e2ce5406a7ccda012f7959e883d7da6b553fe8300bde87e4493,e125b9e1-616a-4c65-969d-6e650b6d38ac,9b29a9b0-e75f-42bb-b21e-8abac99dec66,2026-09-04,-480.65,CLIENT PAYMENT INV-3006,851559b0e91b9e2ce5406a7ccda012f7959e883d7da6b553fe8300bde87e4493,CLIENT PAYMENT INV-3006,28f1a3c4-41da-4abf-8da6-ba295660886e,zaki_bank_test_50_transactions.csv,2026-08-09T03:03:34.745334+00:00,e125b9e1-616a-4c65-969d-6e650b6d38ac,38832e8e-fa0f-45a3-96ce-3cb6da270cbe,daa94c07-e040-4a68-9c2f-b7f1c57582c8,3b8c0820-6970-400f-a6ed-827890f4b74c,auto,2026-08-09T03:03:43.054+00:00,1,green,2026-08-09T03:04:09.183+00:00,38832e8e-fa0f-45a3-96ce-3cb6da270cbe,,approved row bank amount -480.65 contradicts QB amount -480.65; approved exact-amount survivor c3a2addf-4c52-406c-bcc4-f336d6f223f8,,,,
c61fdf74-f8ea-4c93-8970-01903a681320,survivor_guard,R3,2,intended_survivor_guard,KEEP_LIVE_GUARD,024b4e7a-6ecd-4907-9c98-88b6fc0981a9,2026-09-05,1106.32,MICROSOFT 365,1054cb307cd7f9019a0860035920cc725f32eb675bee25548ddf1f634c9dc8d5,933cc6e0-27ea-4570-8a3b-41d1a8af9a13,69b21601-1a5e-4619-9302-28b4d9026f19,2026-09-05,1106.32,MICROSOFT 365,1054cb307cd7f9019a0860035920cc725f32eb675bee25548ddf1f634c9dc8d5,MICROSOFT 365,46e7d008-0b9e-406c-a8b0-a7f328287603,zaki_bank_test_50_transactions.csv,2026-08-08T22:37:30.578877+00:00,933cc6e0-27ea-4570-8a3b-41d1a8af9a13,0042d6e0-86f5-4c2e-970e-a0c7ac04106a,47f6862a-19c4-4c66-9207-fc20fc3ec2f2,1c8b1bb2-1e2b-4d24-b141-e674ac840b6e,auto,2026-08-08T22:37:39.387+00:00,1,green,2026-08-08T22:38:25.034+00:00,0042d6e0-86f5-4c2e-970e-a0c7ac04106a,,approved row bank amount 1106.32 contradicts QB amount 1106.32; approved exact-amount survivor c61fdf74-f8ea-4c93-8970-01903a681320,,,,
ca923dbb-2c81-4547-931c-ad2381d46189,survivor_guard,R3,2,intended_survivor_guard,KEEP_LIVE_GUARD,ec2f2979-7440-4097-b9e4-d5190774bbad,2026-09-14,1858.55,MICROSOFT 365,1054cb307cd7f9019a0860035920cc725f32eb675bee25548ddf1f634c9dc8d5,933cc6e0-27ea-4570-8a3b-41d1a8af9a13,60861627-b78a-49f5-af02-b51531b2d49d,2026-09-14,1858.55,MICROSOFT 365,1054cb307cd7f9019a0860035920cc725f32eb675bee25548ddf1f634c9dc8d5,MICROSOFT 365,46e7d008-0b9e-406c-a8b0-a7f328287603,zaki_bank_test_50_transactions.csv,2026-08-08T22:37:30.578877+00:00,933cc6e0-27ea-4570-8a3b-41d1a8af9a13,0042d6e0-86f5-4c2e-970e-a0c7ac04106a,47f6862a-19c4-4c66-9207-fc20fc3ec2f2,1c8b1bb2-1e2b-4d24-b141-e674ac840b6e,auto,2026-08-08T22:37:39.387+00:00,1,green,2026-08-08T22:38:25.034+00:00,0042d6e0-86f5-4c2e-970e-a0c7ac04106a,,approved row bank amount 1858.55 contradicts QB amount 1858.55; approved exact-amount survivor ca923dbb-2c81-4547-931c-ad2381d46189,,,,
ce1b230c-7ae3-488b-b7c9-ca211393d9f2,survivor_guard,R3,2,intended_survivor_guard,KEEP_LIVE_GUARD,e3c6d202-c666-4e83-9e80-610bae824fcd,2026-09-02,1124.68,GOOGLE WORKSPACE,c3f6bcf802410fe377de9e52cc34a7fd6c4cde995f949d42420033abefeaae19,e125b9e1-616a-4c65-969d-6e650b6d38ac,d88468d7-f95a-44cc-9e1c-f20cad273c70,2026-09-02,1124.68,GOOGLE WORKSPACE,c3f6bcf802410fe377de9e52cc34a7fd6c4cde995f949d42420033abefeaae19,GOOGLE WORKSPACE,28f1a3c4-41da-4abf-8da6-ba295660886e,zaki_bank_test_50_transactions.csv,2026-08-09T03:03:34.745334+00:00,e125b9e1-616a-4c65-969d-6e650b6d38ac,38832e8e-fa0f-45a3-96ce-3cb6da270cbe,daa94c07-e040-4a68-9c2f-b7f1c57582c8,3b8c0820-6970-400f-a6ed-827890f4b74c,auto,2026-08-09T03:03:43.054+00:00,1,green,2026-08-09T03:04:09.183+00:00,38832e8e-fa0f-45a3-96ce-3cb6da270cbe,,approved row bank amount 1124.68 contradicts QB amount 1124.68; approved exact-amount survivor ce1b230c-7ae3-488b-b7c9-ca211393d9f2,,,,
d026a7a2-1481-4959-9886-b29f538339fc,survivor_guard,R3,2,intended_survivor_guard,KEEP_LIVE_GUARD,6b46ee41-78e1-48f9-8cfe-3e441989bf23,2026-09-03,1397.79,ADOBE,ee9021c84f33366bde80b75efa132836e47afa18b9ce58e8077f4c25d039666c,933cc6e0-27ea-4570-8a3b-41d1a8af9a13,e9c90eb0-13b6-4021-8160-fba8528226e9,2026-09-03,1397.79,ADOBE,ee9021c84f33366bde80b75efa132836e47afa18b9ce58e8077f4c25d039666c,ADOBE,46e7d008-0b9e-406c-a8b0-a7f328287603,zaki_bank_test_50_transactions.csv,2026-08-08T22:37:30.578877+00:00,933cc6e0-27ea-4570-8a3b-41d1a8af9a13,0042d6e0-86f5-4c2e-970e-a0c7ac04106a,47f6862a-19c4-4c66-9207-fc20fc3ec2f2,1c8b1bb2-1e2b-4d24-b141-e674ac840b6e,auto,2026-08-08T22:37:39.387+00:00,1,green,2026-08-08T22:38:25.034+00:00,0042d6e0-86f5-4c2e-970e-a0c7ac04106a,,approved row bank amount 1397.79 contradicts QB amount 1397.79; approved exact-amount survivor d026a7a2-1481-4959-9886-b29f538339fc,,,,
d32d2f7f-68c6-463a-a487-3cb21e244c98,survivor_guard,R3,2,intended_survivor_guard,KEEP_LIVE_GUARD,e1fde6f2-1351-44c0-a944-331c3f60a60e,2026-09-09,290.03,BANK CHARGES,e43588e5f91e89a8c86689a31a562411129c292d816231673b1f1dec238c5694,933cc6e0-27ea-4570-8a3b-41d1a8af9a13,1b682af9-dd31-4f73-bacb-564f9b6c05a3,2026-09-09,290.03,BANK CHARGES,e43588e5f91e89a8c86689a31a562411129c292d816231673b1f1dec238c5694,BANK CHARGES,46e7d008-0b9e-406c-a8b0-a7f328287603,zaki_bank_test_50_transactions.csv,2026-08-08T22:37:30.578877+00:00,933cc6e0-27ea-4570-8a3b-41d1a8af9a13,0042d6e0-86f5-4c2e-970e-a0c7ac04106a,47f6862a-19c4-4c66-9207-fc20fc3ec2f2,1c8b1bb2-1e2b-4d24-b141-e674ac840b6e,auto,2026-08-08T22:37:39.387+00:00,1,green,2026-08-08T22:38:25.034+00:00,0042d6e0-86f5-4c2e-970e-a0c7ac04106a,,approved row bank amount 290.03 contradicts QB amount 290.03; approved exact-amount survivor d32d2f7f-68c6-463a-a487-3cb21e244c98,,,,
d516053c-5b44-424a-9e96-0b905ff3ba47,survivor_guard,R3,2,intended_survivor_guard,KEEP_LIVE_GUARD,d7631bdb-4cf0-4003-9a1f-db7c62b8bd43,2026-09-16,261.14,ADOBE,ee9021c84f33366bde80b75efa132836e47afa18b9ce58e8077f4c25d039666c,e125b9e1-616a-4c65-969d-6e650b6d38ac,ae9bf3ca-a6da-447e-a7a3-d077551f12b8,2026-09-16,261.14,ADOBE,ee9021c84f33366bde80b75efa132836e47afa18b9ce58e8077f4c25d039666c,ADOBE,28f1a3c4-41da-4abf-8da6-ba295660886e,zaki_bank_test_50_transactions.csv,2026-08-09T03:03:34.745334+00:00,e125b9e1-616a-4c65-969d-6e650b6d38ac,38832e8e-fa0f-45a3-96ce-3cb6da270cbe,daa94c07-e040-4a68-9c2f-b7f1c57582c8,3b8c0820-6970-400f-a6ed-827890f4b74c,auto,2026-08-09T03:03:43.054+00:00,1,green,2026-08-09T03:04:09.183+00:00,38832e8e-fa0f-45a3-96ce-3cb6da270cbe,,approved row bank amount 261.14 contradicts QB amount 261.14; approved exact-amount survivor d516053c-5b44-424a-9e96-0b905ff3ba47,,,,
d93fb171-c783-47c9-a178-dde915220ece,survivor_guard,R3,2,intended_survivor_guard,KEEP_LIVE_GUARD,f47d6182-a9d7-488a-83d2-f0168093b8b3,2026-09-05,1106.32,MICROSOFT 365,1054cb307cd7f9019a0860035920cc725f32eb675bee25548ddf1f634c9dc8d5,e125b9e1-616a-4c65-969d-6e650b6d38ac,b13fb8d2-508b-49b6-8d1f-8a874f214ff7,2026-09-05,1106.32,MICROSOFT 365,1054cb307cd7f9019a0860035920cc725f32eb675bee25548ddf1f634c9dc8d5,MICROSOFT 365,28f1a3c4-41da-4abf-8da6-ba295660886e,zaki_bank_test_50_transactions.csv,2026-08-09T03:03:34.745334+00:00,e125b9e1-616a-4c65-969d-6e650b6d38ac,38832e8e-fa0f-45a3-96ce-3cb6da270cbe,daa94c07-e040-4a68-9c2f-b7f1c57582c8,3b8c0820-6970-400f-a6ed-827890f4b74c,auto,2026-08-09T03:03:43.054+00:00,1,green,2026-08-09T03:04:09.183+00:00,38832e8e-fa0f-45a3-96ce-3cb6da270cbe,,approved row bank amount 1106.32 contradicts QB amount 1106.32; approved exact-amount survivor d93fb171-c783-47c9-a178-dde915220ece,,,,
dabcf095-a698-49dc-85a3-a1b36858ea6d,survivor_guard,R3,2,intended_survivor_guard,KEEP_LIVE_GUARD,a930ae6c-d213-4644-87d1-7dc9ea7065ac,2026-09-13,309.91,SHELL,ce635c4eabff5e4f56dba8fb1e39ca235530aa2b6b18533eef1af3862016c577,e125b9e1-616a-4c65-969d-6e650b6d38ac,147c9e56-f345-490f-839d-78bec278b763,2026-09-13,309.91,SHELL,ce635c4eabff5e4f56dba8fb1e39ca235530aa2b6b18533eef1af3862016c577,SHELL,28f1a3c4-41da-4abf-8da6-ba295660886e,zaki_bank_test_50_transactions.csv,2026-08-09T03:03:34.745334+00:00,e125b9e1-616a-4c65-969d-6e650b6d38ac,38832e8e-fa0f-45a3-96ce-3cb6da270cbe,daa94c07-e040-4a68-9c2f-b7f1c57582c8,3b8c0820-6970-400f-a6ed-827890f4b74c,auto,2026-08-09T03:03:43.054+00:00,1,green,2026-08-09T03:04:09.183+00:00,38832e8e-fa0f-45a3-96ce-3cb6da270cbe,,approved row bank amount 309.91 contradicts QB amount 309.91; approved exact-amount survivor dabcf095-a698-49dc-85a3-a1b36858ea6d,,,,
db695c69-e40a-4e30-8def-e39d350434e5,survivor_guard,R3,2,intended_survivor_guard,KEEP_LIVE_GUARD,1caad322-147d-4798-83c4-8ec475e3cd66,2026-09-04,532.72,OFFICE DEPOT,3275864377542bd8883cb51767fd2c943ee93720f491075090e4d2d1b4db6de4,e125b9e1-616a-4c65-969d-6e650b6d38ac,178042d2-ed41-4b35-bb5d-4f893975f065,2026-09-04,532.72,OFFICE DEPOT,3275864377542bd8883cb51767fd2c943ee93720f491075090e4d2d1b4db6de4,OFFICE DEPOT,28f1a3c4-41da-4abf-8da6-ba295660886e,zaki_bank_test_50_transactions.csv,2026-08-09T03:03:34.745334+00:00,e125b9e1-616a-4c65-969d-6e650b6d38ac,38832e8e-fa0f-45a3-96ce-3cb6da270cbe,daa94c07-e040-4a68-9c2f-b7f1c57582c8,3b8c0820-6970-400f-a6ed-827890f4b74c,auto,2026-08-09T03:03:43.054+00:00,1,green,2026-08-09T03:04:09.183+00:00,38832e8e-fa0f-45a3-96ce-3cb6da270cbe,,approved row bank amount 532.72 contradicts QB amount 532.72; approved exact-amount survivor db695c69-e40a-4e30-8def-e39d350434e5,,,,
dc22195d-2625-48a9-bc38-69dd52aadcc8,survivor_guard,R3,2,intended_survivor_guard,KEEP_LIVE_GUARD,aad42d22-6dd7-4d6f-b0ee-d668fc255aee,2026-09-14,1907.23,STRIPE FEE,f0ba59aa7aa6663dd74593cd25e7adb8707b24f6f20908694a2a2c91c9b8a541,933cc6e0-27ea-4570-8a3b-41d1a8af9a13,2e24eac6-e43e-4816-9036-5880938c68da,2026-09-14,1907.23,STRIPE FEE,f0ba59aa7aa6663dd74593cd25e7adb8707b24f6f20908694a2a2c91c9b8a541,STRIPE FEE,46e7d008-0b9e-406c-a8b0-a7f328287603,zaki_bank_test_50_transactions.csv,2026-08-08T22:37:30.578877+00:00,933cc6e0-27ea-4570-8a3b-41d1a8af9a13,0042d6e0-86f5-4c2e-970e-a0c7ac04106a,47f6862a-19c4-4c66-9207-fc20fc3ec2f2,1c8b1bb2-1e2b-4d24-b141-e674ac840b6e,auto,2026-08-08T22:37:39.387+00:00,1,green,2026-08-08T22:38:25.034+00:00,0042d6e0-86f5-4c2e-970e-a0c7ac04106a,,approved row bank amount 1907.23 contradicts QB amount 1907.23; approved exact-amount survivor dc22195d-2625-48a9-bc38-69dd52aadcc8,,,,
dd17156d-e239-4ecb-891c-491406b9c4d5,survivor_guard,R3,2,intended_survivor_guard,KEEP_LIVE_GUARD,d6a8207f-f5bf-4d26-ab4e-9d6a7729ee2e,2026-09-04,-383.67,CLIENT PAYMENT INV-3005,0dc0c131f5f51af06bd1ef5f24ca427d175bc3d58723c30da9f6bf38598bf432,e125b9e1-616a-4c65-969d-6e650b6d38ac,9e33a22b-aee1-4511-b065-f12e6eb16825,2026-09-04,-383.67,CLIENT PAYMENT INV-3005,0dc0c131f5f51af06bd1ef5f24ca427d175bc3d58723c30da9f6bf38598bf432,CLIENT PAYMENT INV-3005,28f1a3c4-41da-4abf-8da6-ba295660886e,zaki_bank_test_50_transactions.csv,2026-08-09T03:03:34.745334+00:00,e125b9e1-616a-4c65-969d-6e650b6d38ac,38832e8e-fa0f-45a3-96ce-3cb6da270cbe,daa94c07-e040-4a68-9c2f-b7f1c57582c8,3b8c0820-6970-400f-a6ed-827890f4b74c,auto,2026-08-09T03:03:43.054+00:00,1,green,2026-08-09T03:04:09.183+00:00,38832e8e-fa0f-45a3-96ce-3cb6da270cbe,,approved row bank amount -383.67 contradicts QB amount -383.67; approved exact-amount survivor dd17156d-e239-4ecb-891c-491406b9c4d5,,,,
de27aef0-9acf-4074-aefe-0b46e16b95cd,survivor_guard,R3,2,intended_survivor_guard,KEEP_LIVE_GUARD,4eca4547-892a-495e-9a4f-024436f3a38e,2026-09-06,763.35,MICROSOFT 365,1054cb307cd7f9019a0860035920cc725f32eb675bee25548ddf1f634c9dc8d5,933cc6e0-27ea-4570-8a3b-41d1a8af9a13,7aeb1e07-5faf-48af-82f4-187ad056c6d1,2026-09-06,763.35,MICROSOFT 365,1054cb307cd7f9019a0860035920cc725f32eb675bee25548ddf1f634c9dc8d5,MICROSOFT 365,46e7d008-0b9e-406c-a8b0-a7f328287603,zaki_bank_test_50_transactions.csv,2026-08-08T22:37:30.578877+00:00,933cc6e0-27ea-4570-8a3b-41d1a8af9a13,0042d6e0-86f5-4c2e-970e-a0c7ac04106a,47f6862a-19c4-4c66-9207-fc20fc3ec2f2,1c8b1bb2-1e2b-4d24-b141-e674ac840b6e,auto,2026-08-08T22:37:39.387+00:00,1,green,2026-08-08T22:38:25.034+00:00,0042d6e0-86f5-4c2e-970e-a0c7ac04106a,,approved row bank amount 763.35 contradicts QB amount 763.35; approved exact-amount survivor de27aef0-9acf-4074-aefe-0b46e16b95cd,,,,
de90515c-7ffe-4c8b-a739-8847ce562248,survivor_guard,R3,2,intended_survivor_guard,KEEP_LIVE_GUARD,1a9f4d41-55f9-4ff3-a464-5afe6968687f,2026-09-14,1907.23,STRIPE FEE,f0ba59aa7aa6663dd74593cd25e7adb8707b24f6f20908694a2a2c91c9b8a541,e125b9e1-616a-4c65-969d-6e650b6d38ac,c9243738-89e3-4657-8152-07a68b9a2ec0,2026-09-14,1907.23,STRIPE FEE,f0ba59aa7aa6663dd74593cd25e7adb8707b24f6f20908694a2a2c91c9b8a541,STRIPE FEE,28f1a3c4-41da-4abf-8da6-ba295660886e,zaki_bank_test_50_transactions.csv,2026-08-09T03:03:34.745334+00:00,e125b9e1-616a-4c65-969d-6e650b6d38ac,38832e8e-fa0f-45a3-96ce-3cb6da270cbe,daa94c07-e040-4a68-9c2f-b7f1c57582c8,3b8c0820-6970-400f-a6ed-827890f4b74c,auto,2026-08-09T03:03:43.054+00:00,1,green,2026-08-09T03:04:09.183+00:00,38832e8e-fa0f-45a3-96ce-3cb6da270cbe,,approved row bank amount 1907.23 contradicts QB amount 1907.23; approved exact-amount survivor de90515c-7ffe-4c8b-a739-8847ce562248,,,,
dffdc20e-2e89-4a13-925c-2ffe9a5996b1,survivor_guard,R3,2,intended_survivor_guard,KEEP_LIVE_GUARD,33b62ce5-4cd4-4ccb-a336-18577f073969,2026-09-01,-403.61,CLIENT PAYMENT INV-3001,81a13a3baadec3c85229974f613ac10289d9e65a2640ffca1beb601538fd4293,e125b9e1-616a-4c65-969d-6e650b6d38ac,70e99dd7-e3cf-4b2c-a0af-5973a9be5099,2026-09-01,-403.61,CLIENT PAYMENT INV-3001,81a13a3baadec3c85229974f613ac10289d9e65a2640ffca1beb601538fd4293,CLIENT PAYMENT INV-3001,28f1a3c4-41da-4abf-8da6-ba295660886e,zaki_bank_test_50_transactions.csv,2026-08-09T03:03:34.745334+00:00,e125b9e1-616a-4c65-969d-6e650b6d38ac,38832e8e-fa0f-45a3-96ce-3cb6da270cbe,daa94c07-e040-4a68-9c2f-b7f1c57582c8,3b8c0820-6970-400f-a6ed-827890f4b74c,auto,2026-08-09T03:03:43.054+00:00,1,green,2026-08-09T03:04:09.183+00:00,38832e8e-fa0f-45a3-96ce-3cb6da270cbe,,approved row bank amount -403.61 contradicts QB amount -403.61; approved exact-amount survivor dffdc20e-2e89-4a13-925c-2ffe9a5996b1,,,,
e317cfa2-0be8-49b0-8eb0-21d279221977,survivor_guard,R3,2,intended_survivor_guard,KEEP_LIVE_GUARD,9cd7fe81-9675-4c8f-b66b-c0c441ca4899,2026-09-02,841.94,STRIPE FEE,f0ba59aa7aa6663dd74593cd25e7adb8707b24f6f20908694a2a2c91c9b8a541,933cc6e0-27ea-4570-8a3b-41d1a8af9a13,e40e8f12-ccf3-41c7-8398-7c172f2cba4b,2026-09-02,841.94,STRIPE FEE,f0ba59aa7aa6663dd74593cd25e7adb8707b24f6f20908694a2a2c91c9b8a541,STRIPE FEE,46e7d008-0b9e-406c-a8b0-a7f328287603,zaki_bank_test_50_transactions.csv,2026-08-08T22:37:30.578877+00:00,933cc6e0-27ea-4570-8a3b-41d1a8af9a13,0042d6e0-86f5-4c2e-970e-a0c7ac04106a,47f6862a-19c4-4c66-9207-fc20fc3ec2f2,1c8b1bb2-1e2b-4d24-b141-e674ac840b6e,auto,2026-08-08T22:37:39.387+00:00,1,green,2026-08-08T22:38:25.034+00:00,0042d6e0-86f5-4c2e-970e-a0c7ac04106a,,approved row bank amount 841.94 contradicts QB amount 841.94; approved exact-amount survivor e317cfa2-0be8-49b0-8eb0-21d279221977,,,,
e4eec865-9e57-47aa-aa20-a07e9f9ab7d0,survivor_guard,R3,2,intended_survivor_guard,KEEP_LIVE_GUARD,62887099-5779-4e11-8c89-55ae432d289f,2026-09-16,334.43,STRIPE FEE,f0ba59aa7aa6663dd74593cd25e7adb8707b24f6f20908694a2a2c91c9b8a541,e125b9e1-616a-4c65-969d-6e650b6d38ac,780225ad-4c2f-4813-87f4-fe20ada3dad1,2026-09-16,334.43,STRIPE FEE,f0ba59aa7aa6663dd74593cd25e7adb8707b24f6f20908694a2a2c91c9b8a541,STRIPE FEE,28f1a3c4-41da-4abf-8da6-ba295660886e,zaki_bank_test_50_transactions.csv,2026-08-09T03:03:34.745334+00:00,e125b9e1-616a-4c65-969d-6e650b6d38ac,38832e8e-fa0f-45a3-96ce-3cb6da270cbe,daa94c07-e040-4a68-9c2f-b7f1c57582c8,3b8c0820-6970-400f-a6ed-827890f4b74c,auto,2026-08-09T03:03:43.054+00:00,1,green,2026-08-09T03:04:09.183+00:00,38832e8e-fa0f-45a3-96ce-3cb6da270cbe,,approved row bank amount 334.43 contradicts QB amount 334.43; approved exact-amount survivor e4eec865-9e57-47aa-aa20-a07e9f9ab7d0,,,,
e6a29cb9-c30d-497d-9b1e-a91a059c6097,survivor_guard,R3,2,intended_survivor_guard,KEEP_LIVE_GUARD,80789a56-1059-4cdd-9e0f-91f8847ff1af,2026-09-17,-2568.26,CLIENT PAYMENT INV-3015,cacc5bf5ef54b6b11ad524f3d65c206737af16d82fe9944ca285b38ebbd6e50a,e125b9e1-616a-4c65-969d-6e650b6d38ac,dd0b11ff-34b0-4376-b37f-bdd307e09a40,2026-09-17,-2568.26,CLIENT PAYMENT INV-3015,cacc5bf5ef54b6b11ad524f3d65c206737af16d82fe9944ca285b38ebbd6e50a,CLIENT PAYMENT INV-3015,28f1a3c4-41da-4abf-8da6-ba295660886e,zaki_bank_test_50_transactions.csv,2026-08-09T03:03:34.745334+00:00,e125b9e1-616a-4c65-969d-6e650b6d38ac,38832e8e-fa0f-45a3-96ce-3cb6da270cbe,daa94c07-e040-4a68-9c2f-b7f1c57582c8,3b8c0820-6970-400f-a6ed-827890f4b74c,auto,2026-08-09T03:03:43.054+00:00,1,green,2026-08-09T03:04:09.183+00:00,38832e8e-fa0f-45a3-96ce-3cb6da270cbe,,approved row bank amount -2568.26 contradicts QB amount -2568.26; approved exact-amount survivor e6a29cb9-c30d-497d-9b1e-a91a059c6097,,,,
e8e838df-6573-4063-a722-d2b48129c52f,survivor_guard,R3,2,intended_survivor_guard,KEEP_LIVE_GUARD,d3c34529-7dd6-4606-af2b-d59c2f19411a,2026-09-01,1484.39,GOOGLE WORKSPACE,c3f6bcf802410fe377de9e52cc34a7fd6c4cde995f949d42420033abefeaae19,933cc6e0-27ea-4570-8a3b-41d1a8af9a13,5a57d251-027f-4668-a2a7-c98bf54bbe6e,2026-09-01,1484.39,GOOGLE WORKSPACE,c3f6bcf802410fe377de9e52cc34a7fd6c4cde995f949d42420033abefeaae19,GOOGLE WORKSPACE,46e7d008-0b9e-406c-a8b0-a7f328287603,zaki_bank_test_50_transactions.csv,2026-08-08T22:37:30.578877+00:00,933cc6e0-27ea-4570-8a3b-41d1a8af9a13,0042d6e0-86f5-4c2e-970e-a0c7ac04106a,47f6862a-19c4-4c66-9207-fc20fc3ec2f2,1c8b1bb2-1e2b-4d24-b141-e674ac840b6e,auto,2026-08-08T22:37:39.387+00:00,1,green,2026-08-08T22:38:25.034+00:00,0042d6e0-86f5-4c2e-970e-a0c7ac04106a,,approved row bank amount 1484.39 contradicts QB amount 1484.39; approved exact-amount survivor e8e838df-6573-4063-a722-d2b48129c52f,,,,
f042257a-0d3e-40fe-bd45-ba4b9a6bb422,survivor_guard,R3,2,intended_survivor_guard,KEEP_LIVE_GUARD,8a125983-8901-4614-a19a-abd7a4ff86a7,2026-09-04,-383.67,CLIENT PAYMENT INV-3005,0dc0c131f5f51af06bd1ef5f24ca427d175bc3d58723c30da9f6bf38598bf432,e125b9e1-616a-4c65-969d-6e650b6d38ac,1a05adb2-e11a-4533-9d0b-4417f3b86613,2026-09-04,-383.67,CLIENT PAYMENT INV-3005,0dc0c131f5f51af06bd1ef5f24ca427d175bc3d58723c30da9f6bf38598bf432,CLIENT PAYMENT INV-3005,28f1a3c4-41da-4abf-8da6-ba295660886e,zaki_bank_test_50_transactions.csv,2026-08-09T03:03:34.745334+00:00,e125b9e1-616a-4c65-969d-6e650b6d38ac,38832e8e-fa0f-45a3-96ce-3cb6da270cbe,daa94c07-e040-4a68-9c2f-b7f1c57582c8,3b8c0820-6970-400f-a6ed-827890f4b74c,auto,2026-08-09T03:03:43.054+00:00,1,green,2026-08-09T03:04:09.183+00:00,38832e8e-fa0f-45a3-96ce-3cb6da270cbe,,approved row bank amount -383.67 contradicts QB amount -383.67; approved exact-amount survivor f042257a-0d3e-40fe-bd45-ba4b9a6bb422,,,,
f3a0afbe-2e3d-4b2f-932c-26f0b78ded70,survivor_guard,R3,2,intended_survivor_guard,KEEP_LIVE_GUARD,7fe04dcf-940e-4e7f-8711-86323189c11d,2026-09-16,261.14,ADOBE,ee9021c84f33366bde80b75efa132836e47afa18b9ce58e8077f4c25d039666c,933cc6e0-27ea-4570-8a3b-41d1a8af9a13,fcd2a20f-1788-4b7f-bd19-060a35bb4278,2026-09-16,261.14,ADOBE,ee9021c84f33366bde80b75efa132836e47afa18b9ce58e8077f4c25d039666c,ADOBE,46e7d008-0b9e-406c-a8b0-a7f328287603,zaki_bank_test_50_transactions.csv,2026-08-08T22:37:30.578877+00:00,933cc6e0-27ea-4570-8a3b-41d1a8af9a13,0042d6e0-86f5-4c2e-970e-a0c7ac04106a,47f6862a-19c4-4c66-9207-fc20fc3ec2f2,1c8b1bb2-1e2b-4d24-b141-e674ac840b6e,auto,2026-08-08T22:37:39.387+00:00,1,green,2026-08-08T22:38:25.034+00:00,0042d6e0-86f5-4c2e-970e-a0c7ac04106a,,approved row bank amount 261.14 contradicts QB amount 261.14; approved exact-amount survivor f3a0afbe-2e3d-4b2f-932c-26f0b78ded70,,,,
f89ca71a-8f9c-44cf-83c5-016797c08643,survivor_guard,R3,2,intended_survivor_guard,KEEP_LIVE_GUARD,f2cc253f-2f37-4a3b-9760-e97f06a3138a,2026-09-17,-3483.27,CLIENT PAYMENT INV-3016,2e24d4d5fef1d2ef850f7e1e5bb411b8758dea507a62057e8c7dad9faf5d831b,e125b9e1-616a-4c65-969d-6e650b6d38ac,ef0e7156-9e70-41db-8a07-e65ebcdca73a,2026-09-17,-3483.27,CLIENT PAYMENT INV-3016,2e24d4d5fef1d2ef850f7e1e5bb411b8758dea507a62057e8c7dad9faf5d831b,CLIENT PAYMENT INV-3016,28f1a3c4-41da-4abf-8da6-ba295660886e,zaki_bank_test_50_transactions.csv,2026-08-09T03:03:34.745334+00:00,e125b9e1-616a-4c65-969d-6e650b6d38ac,38832e8e-fa0f-45a3-96ce-3cb6da270cbe,daa94c07-e040-4a68-9c2f-b7f1c57582c8,3b8c0820-6970-400f-a6ed-827890f4b74c,auto,2026-08-09T03:03:43.054+00:00,1,green,2026-08-09T03:04:09.183+00:00,38832e8e-fa0f-45a3-96ce-3cb6da270cbe,,approved row bank amount -3483.27 contradicts QB amount -3483.27; approved exact-amount survivor f89ca71a-8f9c-44cf-83c5-016797c08643,,,,
fc5c9204-9533-40e6-9fb3-8b485aa9a511,survivor_guard,R3,2,intended_survivor_guard,KEEP_LIVE_GUARD,390c6fca-f03e-466f-b70e-870fe77532c9,2026-09-14,1199.89,GOOGLE WORKSPACE,c3f6bcf802410fe377de9e52cc34a7fd6c4cde995f949d42420033abefeaae19,e125b9e1-616a-4c65-969d-6e650b6d38ac,837d2000-c3f4-47aa-9a44-488b310de100,2026-09-14,1199.89,GOOGLE WORKSPACE,c3f6bcf802410fe377de9e52cc34a7fd6c4cde995f949d42420033abefeaae19,GOOGLE WORKSPACE,28f1a3c4-41da-4abf-8da6-ba295660886e,zaki_bank_test_50_transactions.csv,2026-08-09T03:03:34.745334+00:00,e125b9e1-616a-4c65-969d-6e650b6d38ac,38832e8e-fa0f-45a3-96ce-3cb6da270cbe,daa94c07-e040-4a68-9c2f-b7f1c57582c8,3b8c0820-6970-400f-a6ed-827890f4b74c,auto,2026-08-09T03:03:43.054+00:00,1,green,2026-08-09T03:04:09.183+00:00,38832e8e-fa0f-45a3-96ce-3cb6da270cbe,,approved row bank amount 1199.89 contradicts QB amount 1199.89; approved exact-amount survivor fc5c9204-9533-40e6-9fb3-8b485aa9a511,,,,
fe3b1c95-9aec-4172-ab3f-dc0cb41de8ca,survivor_guard,R3,2,intended_survivor_guard,KEEP_LIVE_GUARD,5d5a690b-f90e-499d-86a1-0050cc8e0e4e,2026-09-03,-3049.09,CLIENT PAYMENT INV-3003,5820b82e12ab122f0b81f000ce8de87f19497966b1258f05396450c589916094,e125b9e1-616a-4c65-969d-6e650b6d38ac,35dfc64b-6694-4cd8-82ba-9e73daea6fd9,2026-09-03,-3049.09,CLIENT PAYMENT INV-3003,5820b82e12ab122f0b81f000ce8de87f19497966b1258f05396450c589916094,CLIENT PAYMENT INV-3003,28f1a3c4-41da-4abf-8da6-ba295660886e,zaki_bank_test_50_transactions.csv,2026-08-09T03:03:34.745334+00:00,e125b9e1-616a-4c65-969d-6e650b6d38ac,38832e8e-fa0f-45a3-96ce-3cb6da270cbe,daa94c07-e040-4a68-9c2f-b7f1c57582c8,3b8c0820-6970-400f-a6ed-827890f4b74c,auto,2026-08-09T03:03:43.054+00:00,1,green,2026-08-09T03:04:09.183+00:00,38832e8e-fa0f-45a3-96ce-3cb6da270cbe,,approved row bank amount -3049.09 contradicts QB amount -3049.09; approved exact-amount survivor fe3b1c95-9aec-4172-ab3f-dc0cb41de8ca,,,,
ffc06ebe-aa80-4df8-b17b-50e1d54374e8,survivor_guard,R3,2,intended_survivor_guard,KEEP_LIVE_GUARD,10af5fe3-d84d-40ea-8a8b-85ceb1c6b82e,2026-09-03,1397.79,ADOBE,ee9021c84f33366bde80b75efa132836e47afa18b9ce58e8077f4c25d039666c,e125b9e1-616a-4c65-969d-6e650b6d38ac,bc0a14a1-8a7f-4793-93d5-44accb7cf1be,2026-09-03,1397.79,ADOBE,ee9021c84f33366bde80b75efa132836e47afa18b9ce58e8077f4c25d039666c,ADOBE,28f1a3c4-41da-4abf-8da6-ba295660886e,zaki_bank_test_50_transactions.csv,2026-08-09T03:03:34.745334+00:00,e125b9e1-616a-4c65-969d-6e650b6d38ac,38832e8e-fa0f-45a3-96ce-3cb6da270cbe,daa94c07-e040-4a68-9c2f-b7f1c57582c8,3b8c0820-6970-400f-a6ed-827890f4b74c,auto,2026-08-09T03:03:43.054+00:00,1,green,2026-08-09T03:04:09.183+00:00,38832e8e-fa0f-45a3-96ce-3cb6da270cbe,,approved row bank amount 1397.79 contradicts QB amount 1397.79; approved exact-amount survivor ffc06ebe-aa80-4df8-b17b-50e1d54374e8,,,,
